time,NAME,X,Y,SPD,HDG,TYPE,MODE,ALLSTOP,TIME,LENGTH,src
34594337767.06328,henry,0,-10,0,180,kayak,PARK,ManualOverride,34594337767.06,4,pNodeReporter
34594337767.06328,henry,0,-10,0,180,kayak,PARK,ManualOverride,34594337767.06,4,pNodeReporter
34594337767.06328,henry,0,-10,0,180,kayak,PARK,ManualOverride,34594337767.06,4,pNodeReporter
34594337770.19938,henry,0,-10,0,180,kayak,PARK,ManualOverride,1,34594337770.2,4,pNodeReporter
34594337773.41631,henry,0,-10,0,180,kayak,PARK,ManualOverride,2,34594337773.42,4,pNodeReporter
34594337776.6765,henry,0,-10,0,180,kayak,PARK,ManualOverride,3,34594337776.68,4,pNodeReporter
34594337779.90992,henry,0,-10,0,180,kayak,PARK,ManualOverride,4,34594337779.91,4,pNodeReporter
34594337782.91428,henry,0,-10,0,180,kayak,PARK,ManualOverride,5,34594337782.91,4,pNodeReporter
34594337786.22337,henry,0,-10,0,180,kayak,PARK,ManualOverride,6,34594337786.22,4,pNodeReporter
34594337789.409874,henry,0,-10,0,180,kayak,PARK,ManualOverride,7,34594337789.41,4,pNodeReporter
34594337792.43278,henry,0,-10,0,180,kayak,PARK,ManualOverride,8,34594337792.43,4,pNodeReporter
34594337795.65726,henry,0,-10,0,180,kayak,PARK,ManualOverride,9,34594337795.66,4,pNodeReporter
34594337798.7075,henry,0,-10,0,180,kayak,PARK,ManualOverride,10,34594337798.71,4,pNodeReporter
34594337801.79976,henry,0,-10,0,180,kayak,PARK,ManualOverride,11,34594337801.8,4,pNodeReporter
34594337804.84866,henry,0,-10,0,180,kayak,PARK,ManualOverride,12,34594337804.85,4,pNodeReporter
34594337807.86506,henry,0,-10,0,180,kayak,PARK,ManualOverride,13,34594337807.86,4,pNodeReporter
34594337810.88337,henry,0,-10,0,180,kayak,PARK,ManualOverride,14,34594337810.88,4,pNodeReporter
34594337814.1162,henry,0,-10,0,180,kayak,PARK,ManualOverride,15,34594337814.12,4,pNodeReporter
34594337817.35164,henry,0,-10,0,180,kayak,PARK,ManualOverride,16,34594337817.35,4,pNodeReporter
34594337820.5783,henry,0,-10,0,180,kayak,PARK,ManualOverride,17,34594337820.58,4,pNodeReporter
34594337823.777176,henry,0,-10,0,180,kayak,PARK,ManualOverride,18,34594337823.78,4,pNodeReporter
34594337827.00518,henry,0,-10,0,180,kayak,PARK,ManualOverride,19,34594337827,4,pNodeReporter
34594337830.03965,henry,0,-10,0,180,kayak,PARK,ManualOverride,20,34594337830.04,4,pNodeReporter
34594337833.252975,henry,0,-10,0,180,kayak,PARK,ManualOverride,21,34594337833.25,4,pNodeReporter
34594337836.541916,henry,0,-10,0,180,kayak,PARK,ManualOverride,22,34594337836.54,4,pNodeReporter
34594337839.57718,henry,0,-10,0,180,kayak,PARK,ManualOverride,23,34594337839.58,4,pNodeReporter
34594337842.82267,henry,0,-10,0,180,kayak,PARK,ManualOverride,24,34594337842.82,4,pNodeReporter
34594337842.82267,henry,0,-10,0,180,kayak,PARK,ManualOverride,24,34594337842.82,4,pNodeReporter
34594337845.98523,henry,0,-10.03,0.07,179.96,kayak,MODE@ACTIVE:TRAVERSING,clear,25,34594337845.98,4,pNodeReporter
34594337845.98523,henry,0,-10.03,0.07,179.96,kayak,MODE@ACTIVE:TRAVERSING,clear,25,34594337845.98,4,pNodeReporter
34594337848.3908,henry,0.01,-10.51,0.31,178.08,kayak,MODE@ACTIVE:TRAVERSING,clear,26,34594337848.39,4,pNodeReporter
34594337849.2714,henry,0.03,-10.86,0.41,176.02,kayak,MODE@ACTIVE:TRAVERSING,clear,27,34594337849.27,4,pNodeReporter
34594337850.1488,henry,0.05,-11.19,0.46,173.77,kayak,MODE@ACTIVE:TRAVERSING,clear,28,34594337850.15,4,pNodeReporter
34594337850.98087,henry,0.12,-11.68,0.53,169.98,kayak,MODE@ACTIVE:TRAVERSING,clear,29,34594337850.98,4,pNodeReporter
34594337851.529854,henry,0.18,-11.94,0.57,167.73,kayak,MODE@ACTIVE:TRAVERSING,clear,30,34594337851.53,4,pNodeReporter
34594337852.084595,henry,0.24,-12.21,0.61,165.31,kayak,MODE@ACTIVE:TRAVERSING,clear,31,34594337852.08,4,pNodeReporter
34594337852.64888,henry,0.33,-12.52,0.65,162.58,kayak,MODE@ACTIVE:TRAVERSING,clear,32,34594337852.65,4,pNodeReporter
34594337852.95926,henry,0.43,-12.83,0.7,159.71,kayak,MODE@ACTIVE:TRAVERSING,clear,33,34594337852.96,4,pNodeReporter
34594337853.584145,henry,0.56,-13.14,0.73,156.72,kayak,MODE@ACTIVE:TRAVERSING,clear,34,34594337853.58,4,pNodeReporter
34594337853.8975,henry,0.72,-13.49,0.78,153.4,kayak,MODE@ACTIVE:TRAVERSING,clear,35,34594337853.9,4,pNodeReporter
34594337854.51445,henry,0.9,-13.83,0.82,150.26,kayak,MODE@ACTIVE:TRAVERSING,clear,36,34594337854.51,4,pNodeReporter
34594337854.903625,henry,1.11,-14.17,0.87,146.95,kayak,MODE@ACTIVE:TRAVERSING,clear,37,34594337854.82,4,pNodeReporter
34594337855.390335,henry,1.39,-14.57,0.89,143.01,kayak,MODE@ACTIVE:TRAVERSING,clear,38,34594337855.39,4,pNodeReporter
34594337855.69431,henry,1.39,-14.57,0.89,143.01,kayak,MODE@ACTIVE:TRAVERSING,clear,39,34594337855.69,4,pNodeReporter
34594337855.98748,henry,1.66,-14.91,0.93,139.7,kayak,MODE@ACTIVE:TRAVERSING,clear,40,34594337855.99,4,pNodeReporter
34594337856.5681,henry,2.14,-15.42,1,134.91,kayak,MODE@ACTIVE:TRAVERSING,clear,41,34594337856.57,4,pNodeReporter
34594337856.86987,henry,2.14,-15.42,1,134.91,kayak,MODE@ACTIVE:TRAVERSING,clear,42,34594337856.87,4,pNodeReporter
34594337857.182,henry,2.51,-15.77,1.05,131.79,kayak,MODE@ACTIVE:TRAVERSING,clear,43,34594337857.18,4,pNodeReporter
34594337857.76652,henry,2.91,-16.11,1.1,128.91,kayak,MODE@ACTIVE:TRAVERSING,clear,44,34594337857.77,4,pNodeReporter
34594337858.316376,henry,3.57,-16.6,1.14,124.68,kayak,MODE@ACTIVE:TRAVERSING,clear,45,34594337858.32,4,pNodeReporter
34594337858.8583,henry,4.06,-16.92,1.18,122.08,kayak,MODE@ACTIVE:TRAVERSING,clear,46,34594337858.86,4,pNodeReporter
34594337859.4285,henry,4.57,-17.23,1.21,119.86,kayak,MODE@ACTIVE:TRAVERSING,clear,47,34594337859.43,4,pNodeReporter
34594337860.04204,henry,5.36,-17.66,1.25,117.09,kayak,MODE@ACTIVE:TRAVERSING,clear,48,34594337860.04,4,pNodeReporter
34594337860.33208,henry,5.36,-17.66,1.25,117.09,kayak,MODE@ACTIVE:TRAVERSING,clear,49,34594337860.33,4,pNodeReporter
34594337860.90049,henry,6.2,-18.07,1.28,114.91,kayak,MODE@ACTIVE:TRAVERSING,clear,50,34594337860.9,4,pNodeReporter
34594337861.80292,henry,7.36,-18.58,1.31,112.88,kayak,MODE@ACTIVE:TRAVERSING,clear,51,34594337861.8,4,pNodeReporter
34594337865.02112,henry,11.22,-20.12,1.29,111.47,kayak,MODE@ACTIVE:TRAVERSING,clear,52,34594337865.02,4,pNodeReporter
34594337867.33152,henry,13.74,-21.15,1.25,113.18,kayak,MODE@ACTIVE:TRAVERSING,clear,53,34594337867.33,4,pNodeReporter
34594337867.61501,henry,14.32,-21.4,1.23,113.77,kayak,MODE@ACTIVE:TRAVERSING,clear,54,34594337867.61,4,pNodeReporter
34594337869.36029,henry,16.12,-22.23,1.19,116.18,kayak,MODE@ACTIVE:TRAVERSING,clear,55,34594337869.36,4,pNodeReporter
34594337870.48134,henry,17.45,-22.92,1.22,118.25,kayak,MODE@ACTIVE:TRAVERSING,clear,56,34594337870.48,4,pNodeReporter
34594337871.911995,henry,18.73,-23.63,1.22,119.85,kayak,MODE@ACTIVE:TRAVERSING,clear,57,34594337871.91,4,pNodeReporter
34594337872.17144,henry,19.25,-23.93,1.23,120.33,kayak,MODE@ACTIVE:TRAVERSING,clear,58,34594337872.17,4,pNodeReporter
34594337873.35704,henry,20.28,-24.55,1.22,121.38,kayak,MODE@ACTIVE:TRAVERSING,clear,59,34594337873.36,4,pNodeReporter
34594337874.29131,henry,21.51,-25.31,1.23,122.3,kayak,MODE@ACTIVE:TRAVERSING,clear,60,34594337874.29,4,pNodeReporter
34594337874.57712,henry,21.51,-25.31,1.23,122.3,kayak,MODE@ACTIVE:TRAVERSING,clear,61,34594337874.58,4,pNodeReporter
34594337874.858025,henry,22.04,-25.65,1.23,122.61,kayak,MODE@ACTIVE:TRAVERSING,clear,62,34594337874.86,4,pNodeReporter
34594337877.88054,henry,25.04,-27.63,1.22,124.32,kayak,MODE@ACTIVE:TRAVERSING,clear,63,34594337877.88,4,pNodeReporter
34594337881.1493,henry,28.27,-29.88,1.22,125.32,kayak,MODE@ACTIVE:TRAVERSING,clear,64,34594337881.15,4,pNodeReporter
34594337883.53196,henry,30.92,-31.77,1.22,125.77,kayak,MODE@ACTIVE:TRAVERSING,clear,65,34594337883.53,4,pNodeReporter
34594337883.821304,henry,30.92,-31.77,1.22,125.77,kayak,MODE@ACTIVE:TRAVERSING,clear,66,34594337883.82,4,pNodeReporter
34594337886.49544,henry,33.83,-33.88,1.2,126.13,kayak,MODE@ACTIVE:TRAVERSING,clear,67,34594337886.49,4,pNodeReporter
34594337886.77318,henry,33.83,-33.88,1.2,126.13,kayak,MODE@ACTIVE:TRAVERSING,clear,68,34594337886.77,4,pNodeReporter
34594337888.77482,henry,35.99,-35.48,1.21,126.66,kayak,MODE@ACTIVE:TRAVERSING,clear,69,34594337888.77,4,pNodeReporter
34594337889.08744,henry,35.99,-35.48,1.21,126.66,kayak,MODE@ACTIVE:TRAVERSING,clear,70,34594337889.09,4,pNodeReporter
34594337890.57728,henry,37.64,-36.65,1.05,118.37,kayak,MODE@ACTIVE:TRAVERSING,clear,71,34594337890.58,4,pNodeReporter
34594337890.8481,henry,37.64,-36.65,1.05,118.37,kayak,MODE@ACTIVE:TRAVERSING,clear,72,34594337890.85,4,pNodeReporter
34594337891.149155,henry,38.06,-36.85,0.93,113.49,kayak,MODE@ACTIVE:TRAVERSING,clear,73,34594337891.15,4,pNodeReporter
34594337891.722244,henry,38.7,-37.1,0.95,109.24,kayak,MODE@ACTIVE:TRAVERSING,clear,74,34594337891.72,4,pNodeReporter
34594337892.03191,henry,38.7,-37.1,0.95,109.24,kayak,MODE@ACTIVE:TRAVERSING,clear,75,34594337892.03,4,pNodeReporter
34594337892.32259,henry,39.15,-37.25,1,106.63,kayak,MODE@ACTIVE:TRAVERSING,clear,76,34594337892.32,4,pNodeReporter
34594337892.899765,henry,39.64,-37.38,1.02,103.83,kayak,MODE@ACTIVE:TRAVERSING,clear,77,34594337892.9,4,pNodeReporter
34594337893.50164,henry,40.4,-37.53,1.06,99.51,kayak,MODE@ACTIVE:TRAVERSING,clear,78,34594337893.5,4,pNodeReporter
34594337894.10128,henry,40.91,-37.61,1.08,96.82,kayak,MODE@ACTIVE:TRAVERSING,clear,79,34594337894.1,4,pNodeReporter
34594337894.69844,henry,41.72,-37.67,1.11,92.71,kayak,MODE@ACTIVE:TRAVERSING,clear,80,34594337894.7,4,pNodeReporter
34594337895.298294,henry,42.25,-37.69,1.12,90.24,kayak,MODE@ACTIVE:TRAVERSING,clear,81,34594337895.3,4,pNodeReporter
34594337895.609695,henry,42.81,-37.68,1.15,87.9,kayak,MODE@ACTIVE:TRAVERSING,clear,82,34594337895.61,4,pNodeReporter
34594337895.88831,henry,42.81,-37.68,1.15,87.9,kayak,MODE@ACTIVE:TRAVERSING,clear,83,34594337895.89,4,pNodeReporter
34594337896.48536,henry,43.63,-37.63,1.18,84.61,kayak,MODE@ACTIVE:TRAVERSING,clear,84,34594337896.48,4,pNodeReporter
34594337897.349686,henry,44.48,-37.52,1.2,81.76,kayak,MODE@ACTIVE:TRAVERSING,clear,85,34594337897.35,4,pNodeReporter
34594337897.973465,henry,45.36,-37.37,1.23,79.19,kayak,MODE@ACTIVE:TRAVERSING,clear,86,34594337897.97,4,pNodeReporter
34594337898.57612,henry,46.25,-37.19,1.25,77.09,kayak,MODE@ACTIVE:TRAVERSING,clear,87,34594337898.57,4,pNodeReporter
34594337899.156944,henry,46.55,-37.12,1.26,76.46,kayak,MODE@ACTIVE:TRAVERSING,clear,88,34594337899.16,4,pNodeReporter
34594337899.42968,henry,47.17,-36.96,1.27,75.36,kayak,MODE@ACTIVE:TRAVERSING,clear,89,34594337899.43,4,pNodeReporter
34594337899.711464,henry,47.76,-36.8,1.27,74.41,kayak,MODE@ACTIVE:TRAVERSING,clear,90,34594337899.71,4,pNodeReporter
34594337899.97542,henry,47.76,-36.8,1.27,74.41,kayak,MODE@ACTIVE:TRAVERSING,clear,91,34594337899.97,4,pNodeReporter
34594337901.815216,henry,50.2,-36.06,1.3,72.11,kayak,MODE@ACTIVE:TRAVERSING,clear,92,34594337901.81,4,pNodeReporter
34594337903.00004,henry,51.39,-35.67,1.3,71.66,kayak,MODE@ACTIVE:TRAVERSING,clear,93,34594337903,4,pNodeReporter
34594337903.29879,henry,52,-35.47,1.29,71.53,kayak,MODE@ACTIVE:TRAVERSING,clear,94,34594337903.3,4,pNodeReporter
34594337904.76028,henry,53.49,-34.97,1.27,71.64,kayak,MODE@ACTIVE:TRAVERSING,clear,95,34594337904.76,4,pNodeReporter
34594337905.04868,henry,54.09,-34.77,1.26,71.79,kayak,MODE@ACTIVE:TRAVERSING,clear,96,34594337905.05,4,pNodeReporter
34594337908.29675,henry,58.1,-33.54,1.24,73.83,kayak,MODE@ACTIVE:TRAVERSING,clear,97,34594337908.3,4,pNodeReporter
34594337908.62658,henry,58.1,-33.54,1.24,73.83,kayak,MODE@ACTIVE:TRAVERSING,clear,98,34594337908.63,4,pNodeReporter
34594337908.923805,henry,58.76,-33.35,1.24,74,kayak,MODE@ACTIVE:TRAVERSING,clear,99,34594337908.92,4,pNodeReporter
34594337910.63303,henry,59.89,-33.03,1.23,74.26,kayak,MODE@ACTIVE:TRAVERSING,clear,100,34594337910.63,4,pNodeReporter
34594337910.9455,henry,60.93,-32.74,1.22,74.81,kayak,MODE@ACTIVE:TRAVERSING,clear,101,34594337910.95,4,pNodeReporter
34594337910.9455,henry,60.93,-32.74,1.22,74.81,kayak,MODE@ACTIVE:TRAVERSING,clear,101,34594337910.95,4,pNodeReporter
34594337912.35936,henry,62.64,-32.28,1.15,72.77,kayak,MODE@ACTIVE:TRAVERSING,clear,102,34594337912.36,4,pNodeReporter
34594337912.63206,henry,62.9,-32.2,1.09,70.43,kayak,MODE@ACTIVE:TRAVERSING,clear,103,34594337912.63,4,pNodeReporter
34594337912.9189,henry,63.12,-32.11,1.04,68.41,kayak,MODE@ACTIVE:TRAVERSING,clear,104,34594337912.92,4,pNodeReporter
34594337913.18812,henry,63.54,-31.93,0.92,64.77,kayak,MODE@ACTIVE:TRAVERSING,clear,105,34594337913.19,4,pNodeReporter
34594337914.04863,henry,64.19,-31.6,1,61.74,kayak,MODE@ACTIVE:TRAVERSING,clear,106,34594337914.05,4,pNodeReporter
34594337914.60281,henry,64.68,-31.33,1.05,59.28,kayak,MODE@ACTIVE:TRAVERSING,clear,107,34594337914.6,4,pNodeReporter
34594337915.154816,henry,65.32,-30.92,1.11,56.07,kayak,MODE@ACTIVE:TRAVERSING,clear,108,34594337915.15,4,pNodeReporter
34594337915.43216,henry,65.32,-30.92,1.11,56.07,kayak,MODE@ACTIVE:TRAVERSING,clear,109,34594337915.43,4,pNodeReporter
34594337916.00755,henry,66.03,-30.41,1.17,53.16,kayak,MODE@ACTIVE:TRAVERSING,clear,110,34594337916.01,4,pNodeReporter
34594337916.86456,henry,66.94,-29.69,1.2,49.78,kayak,MODE@ACTIVE:TRAVERSING,clear,111,34594337916.86,4,pNodeReporter
34594337917.17756,henry,66.94,-29.69,1.2,49.78,kayak,MODE@ACTIVE:TRAVERSING,clear,112,34594337917.18,4,pNodeReporter
34594337917.75581,henry,67.57,-29.13,1.19,47.24,kayak,MODE@ACTIVE:TRAVERSING,clear,113,34594337917.75,4,pNodeReporter
34594337918.622444,henry,68.43,-28.29,1.2,43.92,kayak,MODE@ACTIVE:TRAVERSING,clear,114,34594337918.62,4,pNodeReporter
34594337919.4973,henry,69.02,-27.65,1.21,41.72,kayak,MODE@ACTIVE:TRAVERSING,clear,115,34594337919.5,4,pNodeReporter
34594337920.43869,henry,69.8,-26.73,1.24,39.25,kayak,MODE@ACTIVE:TRAVERSING,clear,116,34594337920.44,4,pNodeReporter
34594337921.584114,henry,70.71,-25.58,1.26,37.19,kayak,MODE@ACTIVE:TRAVERSING,clear,117,34594337921.58,4,pNodeReporter
34594337923.07058,henry,71.91,-23.93,1.26,35.08,kayak,MODE@ACTIVE:TRAVERSING,clear,118,34594337923.07,4,pNodeReporter
34594337924.56017,henry,72.76,-22.71,1.27,34.41,kayak,MODE@ACTIVE:TRAVERSING,clear,119,34594337924.56,4,pNodeReporter
34594337924.82695,henry,73.12,-22.18,1.26,34.14,kayak,MODE@ACTIVE:TRAVERSING,clear,120,34594337924.82,4,pNodeReporter
34594337926.31408,henry,74.01,-20.85,1.25,33.47,kayak,MODE@ACTIVE:TRAVERSING,clear,121,34594337926.31,4,pNodeReporter
34594337927.17956,henry,74.83,-19.6,1.25,33.04,kayak,MODE@ACTIVE:TRAVERSING,clear,122,34594337927.18,4,pNodeReporter
34594337927.744095,henry,75,-19.33,1.24,32.91,kayak,MODE@ACTIVE:TRAVERSING,clear,123,34594337927.74,4,pNodeReporter
34594337928.02837,henry,75.33,-18.81,1.23,32.58,kayak,MODE@ACTIVE:TRAVERSING,clear,124,34594337928.03,4,pNodeReporter
34594337930.03576,henry,76.55,-16.84,1.16,26.04,kayak,MODE@ACTIVE:TRAVERSING,clear,125,34594337930.03,4,pNodeReporter
34594337930.349075,henry,76.66,-16.6,1.1,21.37,kayak,MODE@ACTIVE:TRAVERSING,clear,126,34594337930.35,4,pNodeReporter
34594337930.661995,henry,76.8,-16.13,0.98,12.61,kayak,MODE@ACTIVE:TRAVERSING,clear,127,34594337930.66,4,pNodeReporter
34594337931.2771,henry,76.88,-15.7,0.87,8.94,kayak,MODE@ACTIVE:TRAVERSING,clear,128,34594337931.28,4,pNodeReporter
34594337931.86591,henry,76.96,-15.03,0.93,3.69,kayak,MODE@ACTIVE:TRAVERSING,clear,129,34594337931.87,4,pNodeReporter
34594337932.438034,henry,76.97,-14.57,0.95,0.19,kayak,MODE@ACTIVE:TRAVERSING,clear,130,34594337932.44,4,pNodeReporter
34594337933.00623,henry,76.96,-14.08,0.99,356.74,kayak,MODE@ACTIVE:TRAVERSING,clear,131,34594337933.01,4,pNodeReporter
34594337933.30186,henry,76.92,-13.61,1,353.07,kayak,MODE@ACTIVE:TRAVERSING,clear,132,34594337933.3,4,pNodeReporter
34594337933.89132,henry,76.85,-13.15,1.01,349.45,kayak,MODE@ACTIVE:TRAVERSING,clear,133,34594337933.89,4,pNodeReporter
34594337934.43782,henry,76.75,-12.71,1.04,346.17,kayak,MODE@ACTIVE:TRAVERSING,clear,134,34594337934.44,4,pNodeReporter
34594337934.73774,henry,76.61,-12.21,1.08,342.69,kayak,MODE@ACTIVE:TRAVERSING,clear,135,34594337934.74,4,pNodeReporter
34594337935.311745,henry,76.43,-11.69,1.11,339.3,kayak,MODE@ACTIVE:TRAVERSING,clear,136,34594337935.31,4,pNodeReporter
34594337935.88205,henry,76.22,-11.16,1.14,335.95,kayak,MODE@ACTIVE:TRAVERSING,clear,137,34594337935.88,4,pNodeReporter
34594337936.465004,henry,75.83,-10.38,1.2,331.72,kayak,MODE@ACTIVE:TRAVERSING,clear,138,34594337936.46,4,pNodeReporter
34594337937.05613,henry,75.54,-9.87,1.22,329.08,kayak,MODE@ACTIVE:TRAVERSING,clear,139,34594337937.05,4,pNodeReporter
34594337937.66861,henry,75.04,-9.09,1.27,325.8,kayak,MODE@ACTIVE:TRAVERSING,clear,140,34594337937.67,4,pNodeReporter
34594337938.55513,henry,74.51,-8.34,1.3,323.22,kayak,MODE@ACTIVE:TRAVERSING,clear,141,34594337938.55,4,pNodeReporter
34594337939.18248,henry,73.89,-7.55,1.31,321.01,kayak,MODE@ACTIVE:TRAVERSING,clear,142,34594337939.18,4,pNodeReporter
34594337940.33304,henry,72.85,-6.32,1.33,318.62,kayak,MODE@ACTIVE:TRAVERSING,clear,143,34594337940.33,4,pNodeReporter
34594337941.79342,henry,71.76,-5.12,1.33,317.19,kayak,MODE@ACTIVE:TRAVERSING,clear,144,34594337941.79,4,pNodeReporter
34594337943.58522,henry,69.83,-3.06,1.31,316.82,kayak,MODE@ACTIVE:TRAVERSING,clear,145,34594337943.58,4,pNodeReporter
34594337943.89148,henry,69.83,-3.06,1.31,316.82,kayak,MODE@ACTIVE:TRAVERSING,clear,146,34594337943.89,4,pNodeReporter
34594337944.18409,henry,69.4,-2.6,1.29,317.04,kayak,MODE@ACTIVE:TRAVERSING,clear,147,34594337944.18,4,pNodeReporter
34594337945.65672,henry,68.32,-1.42,1.27,317.79,kayak,MODE@ACTIVE:TRAVERSING,clear,148,34594337945.66,4,pNodeReporter
34594337945.92846,henry,67.92,-0.97,1.24,318.29,kayak,MODE@ACTIVE:TRAVERSING,clear,149,34594337945.93,4,pNodeReporter
34594337946.19426,henry,67.92,-0.97,1.24,318.29,kayak,MODE@ACTIVE:TRAVERSING,clear,150,34594337946.19,4,pNodeReporter
34594337947.41188,henry,66.74,0.39,1.22,320.22,kayak,MODE@ACTIVE:TRAVERSING,clear,151,34594337947.41,4,pNodeReporter
34594337950.39183,henry,64.5,3.2,1.24,322.29,kayak,MODE@ACTIVE:TRAVERSING,clear,152,34594337950.39,4,pNodeReporter
34594337953.60709,henry,62.15,6.35,1.23,323.94,kayak,MODE@ACTIVE:TRAVERSING,clear,153,34594337953.61,4,pNodeReporter
34594337956.91602,henry,59.9,9.54,1.21,325.58,kayak,MODE@ACTIVE:TRAVERSING,clear,154,34594337956.92,4,pNodeReporter
34594337957.19614,henry,59.56,10,1.15,320.1,kayak,MODE@ACTIVE:TRAVERSING,clear,155,34594337957.2,4,pNodeReporter
34594337957.46644,henry,59.38,10.21,1.09,314.4,kayak,MODE@ACTIVE:TRAVERSING,clear,156,34594337957.47,4,pNodeReporter
34594337957.77478,henry,59.2,10.37,1.03,309.75,kayak,MODE@ACTIVE:TRAVERSING,clear,157,34594337957.77,4,pNodeReporter
34594337958.06746,henry,59.01,10.52,0.97,305.7,kayak,MODE@ACTIVE:TRAVERSING,clear,158,34594337958.07,4,pNodeReporter
34594337958.38139,henry,58.63,10.75,0.84,299.61,kayak,MODE@ACTIVE:TRAVERSING,clear,159,34594337958.38,4,pNodeReporter
34594337958.96268,henry,58.29,10.93,0.86,296.08,kayak,MODE@ACTIVE:TRAVERSING,clear,160,34594337958.96,4,pNodeReporter
34594337959.53825,henry,57.92,11.1,0.86,292.34,kayak,MODE@ACTIVE:TRAVERSING,clear,161,34594337959.54,4,pNodeReporter
34594337959.79675,henry,57.5,11.25,0.9,288.26,kayak,MODE@ACTIVE:TRAVERSING,clear,162,34594337959.8,4,pNodeReporter
34594337960.098885,henry,57.5,11.25,0.9,288.26,kayak,MODE@ACTIVE:TRAVERSING,clear,163,34594337960.1,4,pNodeReporter
34594337960.396614,henry,57.06,11.38,0.93,284.09,kayak,MODE@ACTIVE:TRAVERSING,clear,164,34594337960.4,4,pNodeReporter
34594337960.70962,henry,56.83,11.44,0.94,282.08,kayak,MODE@ACTIVE:TRAVERSING,clear,165,34594337960.71,4,pNodeReporter
34594337961.231445,henry,56.38,11.51,0.96,278.03,kayak,MODE@ACTIVE:TRAVERSING,clear,166,34594337961.23,4,pNodeReporter
34594337961.52631,henry,56.14,11.54,0.98,275.93,kayak,MODE@ACTIVE:TRAVERSING,clear,167,34594337961.53,4,pNodeReporter
34594337961.821815,henry,55.89,11.57,1,273.9,kayak,MODE@ACTIVE:TRAVERSING,clear,168,34594337961.82,4,pNodeReporter
34594337962.12732,henry,55.38,11.58,1.04,269.68,kayak,MODE@ACTIVE:TRAVERSING,clear,169,34594337962.13,4,pNodeReporter
34594337962.692444,henry,54.85,11.56,1.09,265.94,kayak,MODE@ACTIVE:TRAVERSING,clear,170,34594337962.69,4,pNodeReporter
34594337963.28627,henry,54.02,11.46,1.15,260.6,kayak,MODE@ACTIVE:TRAVERSING,clear,171,34594337963.29,4,pNodeReporter
34594337963.869385,henry,53.44,11.35,1.19,257.13,kayak,MODE@ACTIVE:TRAVERSING,clear,172,34594337963.87,4,pNodeReporter
34594337964.48407,henry,52.89,11.21,1.22,254.21,kayak,MODE@ACTIVE:TRAVERSING,clear,173,34594337964.48,4,pNodeReporter
34594337964.80645,henry,52.3,11.03,1.25,251.46,kayak,MODE@ACTIVE:TRAVERSING,clear,174,34594337964.8,4,pNodeReporter
34594337965.39124,henry,51.76,10.83,1.27,249.08,kayak,MODE@ACTIVE:TRAVERSING,clear,175,34594337965.39,4,pNodeReporter
34594337965.98262,henry,50.86,10.46,1.31,245.8,kayak,MODE@ACTIVE:TRAVERSING,clear,176,34594337965.98,4,pNodeReporter
34594337966.88237,henry,50,10.05,1.32,243.3,kayak,MODE@ACTIVE:TRAVERSING,clear,177,34594337966.88,4,pNodeReporter
34594337967.77026,henry,48.87,9.45,1.34,240.78,kayak,MODE@ACTIVE:TRAVERSING,clear,178,34594337967.77,4,pNodeReporter
34594337969.456314,henry,46.85,8.25,1.35,238.42,kayak,MODE@ACTIVE:TRAVERSING,clear,179,34594337969.46,4,pNodeReporter
34594337972.35498,henry,43.74,6.32,1.31,238.44,kayak,MODE@ACTIVE:TRAVERSING,clear,180,34594337972.35,4,pNodeReporter
34594337974.72786,henry,41.12,4.77,1.23,240.7,kayak,MODE@ACTIVE:TRAVERSING,clear,181,34594337974.73,4,pNodeReporter
34594337974.98119,henry,40.58,4.47,1.23,241.42,kayak,MODE@ACTIVE:TRAVERSING,clear,182,34594337974.98,4,pNodeReporter
34594337975.29385,henry,40.58,4.47,1.23,241.42,kayak,MODE@ACTIVE:TRAVERSING,clear,183,34594337975.29,4,pNodeReporter
34594337975.55642,henry,40.03,4.18,1.23,242.13,kayak,MODE@ACTIVE:TRAVERSING,clear,184,34594337975.56,4,pNodeReporter
34594337975.8686,henry,40.03,4.18,1.23,242.13,kayak,MODE@ACTIVE:TRAVERSING,clear,185,34594337975.87,4,pNodeReporter
34594337977.29459,henry,38.15,3.23,1.24,243.98,kayak,MODE@ACTIVE:TRAVERSING,clear,186,34594337977.29,4,pNodeReporter
34594337977.57832,henry,38.15,3.23,1.24,243.98,kayak,MODE@ACTIVE:TRAVERSING,clear,187,34594337977.58,4,pNodeReporter
34594337978.45998,henry,36.84,2.6,1.23,245.13,kayak,MODE@ACTIVE:TRAVERSING,clear,188,34594337978.46,4,pNodeReporter
34594337981.17395,henry,34.1,1.37,1.23,246.5,kayak,MODE@ACTIVE:TRAVERSING,clear,189,34594337981.17,4,pNodeReporter
34594337981.442276,henry,33.57,1.14,1.23,246.69,kayak,MODE@ACTIVE:TRAVERSING,clear,190,34594337981.44,4,pNodeReporter
34594337984.664154,henry,30.17,-0.28,1.22,247.97,kayak,MODE@ACTIVE:TRAVERSING,clear,191,34594337984.66,4,pNodeReporter
34594337986.13914,henry,28.24,-1.05,1.22,248.4,kayak,MODE@ACTIVE:TRAVERSING,clear,192,34594337986.14,4,pNodeReporter
34594337987.61863,henry,26.84,-1.6,1.21,248.86,kayak,MODE@ACTIVE:TRAVERSING,clear,193,34594337987.62,4,pNodeReporter
34594337988.81836,henry,25.15,-2.24,1.22,249.33,kayak,MODE@ACTIVE:TRAVERSING,clear,194,34594337988.82,4,pNodeReporter
34594337989.37726,henry,24.61,-2.45,1.18,246.2,kayak,MODE@ACTIVE:TRAVERSING,clear,195,34594337989.38,4,pNodeReporter
34594337989.6563,henry,24.36,-2.57,1.12,240.29,kayak,MODE@ACTIVE:TRAVERSING,clear,196,34594337989.66,4,pNodeReporter
34594337989.969086,henry,24.14,-2.71,1.06,234.82,kayak,MODE@ACTIVE:TRAVERSING,clear,197,34594337989.97,4,pNodeReporter
34594337989.969086,henry,24.14,-2.71,1.06,234.82,kayak,MODE@ACTIVE:TRAVERSING,clear,197,34594337989.97,4,pNodeReporter
34594337990.22247,henry,23.94,-2.88,1,229.14,kayak,MODE@ACTIVE:TRAVERSING,clear,198,34594337990.22,4,pNodeReporter
34594337990.48629,henry,23.77,-3.04,0.94,224.28,kayak,MODE@ACTIVE:TRAVERSING,clear,199,34594337990.49,4,pNodeReporter
34594337990.79998,henry,23.49,-3.35,0.81,218.79,kayak,MODE@ACTIVE:TRAVERSING,clear,200,34594337990.8,4,pNodeReporter
34594337991.10122,henry,23.37,-3.5,0.75,216.73,kayak,MODE@ACTIVE:TRAVERSING,clear,201,34594337991.1,4,pNodeReporter
34594337991.436165,henry,23.27,-3.65,0.74,214.63,kayak,MODE@ACTIVE:TRAVERSING,clear,202,34594337991.43,4,pNodeReporter
34594337991.71658,henry,23.08,-3.95,0.75,210.5,kayak,MODE@ACTIVE:TRAVERSING,clear,203,34594337991.72,4,pNodeReporter
34594337992.30138,henry,22.9,-4.28,0.8,206.19,kayak,MODE@ACTIVE:TRAVERSING,clear,204,34594337992.3,4,pNodeReporter
34594337992.58832,henry,22.82,-4.46,0.81,204.04,kayak,MODE@ACTIVE:TRAVERSING,clear,205,34594337992.59,4,pNodeReporter
34594337992.88936,henry,22.74,-4.64,0.84,201.91,kayak,MODE@ACTIVE:TRAVERSING,clear,206,34594337992.89,4,pNodeReporter
34594337993.168625,henry,22.67,-4.82,0.86,199.79,kayak,MODE@ACTIVE:TRAVERSING,clear,207,34594337993.17,4,pNodeReporter
34594337993.46174,henry,22.53,-5.27,0.91,194.8,kayak,MODE@ACTIVE:TRAVERSING,clear,208,34594337993.46,4,pNodeReporter
34594337993.78582,henry,22.53,-5.27,0.91,194.8,kayak,MODE@ACTIVE:TRAVERSING,clear,209,34594337993.78,4,pNodeReporter
34594337994.0796,henry,22.43,-5.7,0.93,190.17,kayak,MODE@ACTIVE:TRAVERSING,clear,210,34594337994.08,4,pNodeReporter
34594337994.34335,henry,22.4,-5.93,0.94,187.59,kayak,MODE@ACTIVE:TRAVERSING,clear,211,34594337994.34,4,pNodeReporter
34594337994.651344,henry,22.37,-6.17,0.96,185.23,kayak,MODE@ACTIVE:TRAVERSING,clear,212,34594337994.65,4,pNodeReporter
34594337994.906204,henry,22.35,-6.4,0.99,183.08,kayak,MODE@ACTIVE:TRAVERSING,clear,213,34594337994.9,4,pNodeReporter
34594337995.21949,henry,22.35,-6.89,1.04,178.45,kayak,MODE@ACTIVE:TRAVERSING,clear,214,34594337995.22,4,pNodeReporter
34594337995.54303,henry,22.36,-7.13,1.06,176.28,kayak,MODE@ACTIVE:TRAVERSING,clear,215,34594337995.54,4,pNodeReporter
34594337995.81952,henry,22.42,-7.7,1.11,171.67,kayak,MODE@ACTIVE:TRAVERSING,clear,216,34594337995.82,4,pNodeReporter
34594337996.08314,henry,22.42,-7.7,1.11,171.67,kayak,MODE@ACTIVE:TRAVERSING,clear,217,34594337996.08,4,pNodeReporter
34594337996.38328,henry,22.52,-8.26,1.16,167.68,kayak,MODE@ACTIVE:TRAVERSING,clear,218,34594337996.38,4,pNodeReporter
34594337996.697876,henry,22.52,-8.26,1.16,167.68,kayak,MODE@ACTIVE:TRAVERSING,clear,219,34594337996.7,4,pNodeReporter
34594337997.00655,henry,22.66,-8.82,1.21,163.98,kayak,MODE@ACTIVE:TRAVERSING,clear,220,34594337997,4,pNodeReporter
34594337997.31476,henry,22.84,-9.38,1.26,160.71,kayak,MODE@ACTIVE:TRAVERSING,clear,221,34594337997.31,4,pNodeReporter
34594337997.61284,henry,22.84,-9.38,1.26,160.71,kayak,MODE@ACTIVE:TRAVERSING,clear,222,34594337997.61,4,pNodeReporter
34594337997.91884,henry,23.07,-9.98,1.3,157.59,kayak,MODE@ACTIVE:TRAVERSING,clear,223,34594337997.92,4,pNodeReporter
34594337998.54436,henry,23.33,-10.58,1.34,155.01,kayak,MODE@ACTIVE:TRAVERSING,clear,224,34594337998.54,4,pNodeReporter
34594337998.85751,henry,23.62,-11.17,1.33,152.41,kayak,MODE@ACTIVE:TRAVERSING,clear,225,34594337998.86,4,pNodeReporter
34594337999.437645,henry,23.77,-11.45,1.34,151.34,kayak,MODE@ACTIVE:TRAVERSING,clear,226,34594337999.44,4,pNodeReporter
34594338000.47078,henry,24.45,-12.6,1.39,148.05,kayak,MODE@ACTIVE:TRAVERSING,clear,227,34594338000.47,4,pNodeReporter
34594338000.77224,henry,24.95,-13.38,1.39,146.29,kayak,MODE@ACTIVE:TRAVERSING,clear,228,34594338000.77,4,pNodeReporter
34594338002.224976,henry,25.96,-14.83,1.41,144.76,kayak,MODE@ACTIVE:TRAVERSING,clear,229,34594338002.22,4,pNodeReporter
34594338002.49812,henry,26.35,-15.38,1.39,144.4,kayak,MODE@ACTIVE:TRAVERSING,clear,230,34594338002.5,4,pNodeReporter
34594338005.74585,henry,28.84,-18.89,1.29,145.47,kayak,MODE@ACTIVE:TRAVERSING,clear,231,34594338005.75,4,pNodeReporter
34594338007.68829,henry,30.2,-20.95,1.25,147.75,kayak,MODE@ACTIVE:TRAVERSING,clear,232,34594338007.69,4,pNodeReporter
34594338009.245636,henry,31.14,-22.5,1.24,149.91,kayak,MODE@ACTIVE:TRAVERSING,clear,233,34594338009.24,4,pNodeReporter
34594338009.50876,henry,31.44,-23.02,1.24,150.48,kayak,MODE@ACTIVE:TRAVERSING,clear,234,34594338009.51,4,pNodeReporter
34594338010.02734,henry,31.59,-23.29,1.24,150.8,kayak,MODE@ACTIVE:TRAVERSING,clear,235,34594338010.03,4,pNodeReporter
34594338010.56179,henry,32.04,-24.11,1.24,151.64,kayak,MODE@ACTIVE:TRAVERSING,clear,236,34594338010.56,4,pNodeReporter
34594338013.222916,henry,33.43,-26.79,1.23,153.38,kayak,MODE@ACTIVE:TRAVERSING,clear,237,34594338013.22,4,pNodeReporter
34594338013.49608,henry,33.7,-27.32,1.23,153.77,kayak,MODE@ACTIVE:TRAVERSING,clear,238,34594338013.5,4,pNodeReporter
34594338016.699974,henry,35.4,-30.88,1.22,155.13,kayak,MODE@ACTIVE:TRAVERSING,clear,239,34594338016.7,4,pNodeReporter
34594338019.944855,henry,37.02,-34.52,1.21,156.67,kayak,MODE@ACTIVE:TRAVERSING,clear,240,34594338019.94,4,pNodeReporter
34594338021.153175,henry,37.48,-35.59,1.2,157.13,kayak,MODE@ACTIVE:TRAVERSING,clear,241,34594338021.15,4,pNodeReporter
34594338021.46538,henry,37.74,-36.07,1.08,145.45,kayak,MODE@ACTIVE:TRAVERSING,clear,242,34594338021.46,4,pNodeReporter
34594338021.7539,henry,37.89,-36.27,1.02,140.37,kayak,MODE@ACTIVE:TRAVERSING,clear,243,34594338021.75,4,pNodeReporter
34594338022.053764,henry,38.06,-36.46,0.96,135.86,kayak,MODE@ACTIVE:TRAVERSING,clear,244,34594338022.05,4,pNodeReporter
34594338022.3668,henry,38.39,-36.76,0.84,130.96,kayak,MODE@ACTIVE:TRAVERSING,clear,245,34594338022.37,4,pNodeReporter
34594338022.96544,henry,38.71,-37.02,0.83,127.22,kayak,MODE@ACTIVE:TRAVERSING,clear,246,34594338022.96,4,pNodeReporter
34594338023.25294,henry,38.89,-37.15,0.82,125.05,kayak,MODE@ACTIVE:TRAVERSING,clear,247,34594338023.25,4,pNodeReporter
34594338023.86269,henry,39.42,-37.49,0.87,119.07,kayak,MODE@ACTIVE:TRAVERSING,clear,248,34594338023.86,4,pNodeReporter
34594338024.47728,henry,39.82,-37.69,0.92,115.2,kayak,MODE@ACTIVE:TRAVERSING,clear,249,34594338024.48,4,pNodeReporter
34594338024.78876,henry,40.04,-37.79,0.94,113.15,kayak,MODE@ACTIVE:TRAVERSING,clear,250,34594338024.79,4,pNodeReporter
34594338025.10212,henry,40.45,-37.95,0.97,109.19,kayak,MODE@ACTIVE:TRAVERSING,clear,251,34594338025.1,4,pNodeReporter
34594338025.41234,henry,40.67,-38.02,0.98,107.11,kayak,MODE@ACTIVE:TRAVERSING,clear,252,34594338025.41,4,pNodeReporter
34594338025.72448,henry,40.89,-38.09,1,105.07,kayak,MODE@ACTIVE:TRAVERSING,clear,253,34594338025.72,4,pNodeReporter
34594338025.97584,henry,41.15,-38.15,1.02,102.78,kayak,MODE@ACTIVE:TRAVERSING,clear,254,34594338025.97,4,pNodeReporter
34594338026.290726,henry,41.44,-38.21,1.05,100.49,kayak,MODE@ACTIVE:TRAVERSING,clear,255,34594338026.29,4,pNodeReporter
34594338026.91182,henry,42.22,-38.31,1.11,94.68,kayak,MODE@ACTIVE:TRAVERSING,clear,256,34594338026.91,4,pNodeReporter
34594338027.2262,henry,42.55,-38.34,1.13,92.46,kayak,MODE@ACTIVE:TRAVERSING,clear,257,34594338027.22,4,pNodeReporter
34594338027.82996,henry,43.41,-38.33,1.19,87.35,kayak,MODE@ACTIVE:TRAVERSING,clear,258,34594338027.83,4,pNodeReporter
34594338028.40704,henry,44.01,-38.29,1.23,84.36,kayak,MODE@ACTIVE:TRAVERSING,clear,259,34594338028.41,4,pNodeReporter
34594338029.03471,henry,44.6,-38.22,1.25,81.59,kayak,MODE@ACTIVE:TRAVERSING,clear,260,34594338029.03,4,pNodeReporter
34594338029.35062,henry,45.24,-38.11,1.27,78.93,kayak,MODE@ACTIVE:TRAVERSING,clear,261,34594338029.35,4,pNodeReporter
34594338029.91832,henry,45.84,-37.98,1.3,76.76,kayak,MODE@ACTIVE:TRAVERSING,clear,262,34594338029.92,4,pNodeReporter
34594338030.833954,henry,47.1,-37.64,1.33,73.22,kayak,MODE@ACTIVE:TRAVERSING,clear,263,34594338030.83,4,pNodeReporter
34594338031.99808,henry,48.63,-37.13,1.35,70.53,kayak,MODE@ACTIVE:TRAVERSING,clear,264,34594338032,4,pNodeReporter
34594338033.21914,henry,49.89,-36.67,1.36,69.23,kayak,MODE@ACTIVE:TRAVERSING,clear,265,34594338033.22,4,pNodeReporter
34594338033.50876,henry,50.52,-36.43,1.36,68.85,kayak,MODE@ACTIVE:TRAVERSING,clear,266,34594338033.51,4,pNodeReporter
34594338034.399414,henry,51.41,-36.08,1.35,68.57,kayak,MODE@ACTIVE:TRAVERSING,clear,267,34594338034.4,4,pNodeReporter
34594338034.70443,henry,52.04,-35.83,1.34,68.46,kayak,MODE@ACTIVE:TRAVERSING,clear,268,34594338034.7,4,pNodeReporter
34594338036.86388,henry,54.44,-34.9,1.29,69.15,kayak,MODE@ACTIVE:TRAVERSING,clear,269,34594338036.86,4,pNodeReporter
34594338038.91721,henry,57.08,-33.94,1.25,71.28,kayak,MODE@ACTIVE:TRAVERSING,clear,270,34594338038.92,4,pNodeReporter
34594338040.90617,henry,59.18,-33.26,1.24,72.58,kayak,MODE@ACTIVE:TRAVERSING,clear,271,34594338040.91,4,pNodeReporter
34594338041.1749,henry,59.82,-33.06,1.24,72.95,kayak,MODE@ACTIVE:TRAVERSING,clear,272,34594338041.17,4,pNodeReporter
34594338042.632965,henry,61.31,-32.61,1.23,73.8,kayak,MODE@ACTIVE:TRAVERSING,clear,273,34594338042.63,4,pNodeReporter
34594338044.42405,henry,63.29,-32.05,1.12,71.03,kayak,MODE@ACTIVE:TRAVERSING,clear,274,34594338044.42,4,pNodeReporter
34594338044.75724,henry,63.8,-31.85,0.99,65.99,kayak,MODE@ACTIVE:TRAVERSING,clear,275,34594338044.76,4,pNodeReporter
34594338045.29908,henry,64.24,-31.64,0.99,63.22,kayak,MODE@ACTIVE:TRAVERSING,clear,276,34594338045.3,4,pNodeReporter
34594338045.86853,henry,64.68,-31.4,1.04,60.99,kayak,MODE@ACTIVE:TRAVERSING,clear,277,34594338045.87,4,pNodeReporter
34594338046.16581,henry,65.11,-31.15,1.08,58.74,kayak,MODE@ACTIVE:TRAVERSING,clear,278,34594338046.16,4,pNodeReporter
34594338046.74778,henry,65.57,-30.87,1.13,56.72,kayak,MODE@ACTIVE:TRAVERSING,clear,279,34594338046.75,4,pNodeReporter
34594338047.34525,henry,66.21,-30.42,1.15,53.94,kayak,MODE@ACTIVE:TRAVERSING,clear,280,34594338047.34,4,pNodeReporter
34594338047.96756,henry,66.67,-30.07,1.16,51.9,kayak,MODE@ACTIVE:TRAVERSING,clear,281,34594338047.97,4,pNodeReporter
34594338048.542145,henry,67.29,-29.56,1.16,48.9,kayak,MODE@ACTIVE:TRAVERSING,clear,282,34594338048.54,4,pNodeReporter
34594338049.09488,henry,67.73,-29.16,1.17,46.9,kayak,MODE@ACTIVE:TRAVERSING,clear,283,34594338049.09,4,pNodeReporter
34594338049.92334,henry,68.35,-28.55,1.19,44.08,kayak,MODE@ACTIVE:TRAVERSING,clear,284,34594338049.92,4,pNodeReporter
34594338050.80112,henry,69.15,-27.69,1.23,41.28,kayak,MODE@ACTIVE:TRAVERSING,clear,285,34594338050.8,4,pNodeReporter
34594338051.38015,henry,69.73,-27,1.24,39.2,kayak,MODE@ACTIVE:TRAVERSING,clear,286,34594338051.38,4,pNodeReporter
34594338052.56576,henry,70.5,-26.02,1.26,37.13,kayak,MODE@ACTIVE:TRAVERSING,clear,287,34594338052.57,4,pNodeReporter
34594338052.84726,henry,70.87,-25.51,1.26,36.27,kayak,MODE@ACTIVE:TRAVERSING,clear,288,34594338052.85,4,pNodeReporter
34594338053.1498,henry,70.87,-25.51,1.26,36.27,kayak,MODE@ACTIVE:TRAVERSING,clear,289,34594338053.15,4,pNodeReporter
34594338053.44756,henry,71.25,-25,1.27,35.56,kayak,MODE@ACTIVE:TRAVERSING,clear,290,34594338053.45,4,pNodeReporter
34594338056.75026,henry,73.5,-21.69,1.27,33.53,kayak,MODE@ACTIVE:TRAVERSING,clear,291,34594338056.75,4,pNodeReporter
34594338059.7597,henry,75.54,-18.52,1.24,32.1,kayak,MODE@ACTIVE:TRAVERSING,clear,292,34594338059.76,4,pNodeReporter
34594338060.30613,henry,76.03,-17.74,1.22,31.69,kayak,MODE@ACTIVE:TRAVERSING,clear,293,34594338060.31,4,pNodeReporter
34594338061.203064,henry,76.48,-16.98,1.16,26.39,kayak,MODE@ACTIVE:TRAVERSING,clear,294,34594338061.2,4,pNodeReporter
34594338061.49556,henry,76.67,-16.51,1.05,17.94,kayak,MODE@ACTIVE:TRAVERSING,clear,295,34594338061.5,4,pNodeReporter
34594338061.805214,henry,76.67,-16.51,1.05,17.94,kayak,MODE@ACTIVE:TRAVERSING,clear,296,34594338061.8,4,pNodeReporter
34594338062.10722,henry,76.78,-16.06,0.93,11.07,kayak,MODE@ACTIVE:TRAVERSING,clear,297,34594338062.11,4,pNodeReporter
34594338062.40816,henry,76.85,-15.63,0.91,7.74,kayak,MODE@ACTIVE:TRAVERSING,clear,298,34594338062.41,4,pNodeReporter
34594338062.7082,henry,76.85,-15.63,0.91,7.74,kayak,MODE@ACTIVE:TRAVERSING,clear,299,34594338062.71,4,pNodeReporter
34594338062.96978,henry,76.9,-15.2,0.92,4.27,kayak,MODE@ACTIVE:TRAVERSING,clear,300,34594338062.97,4,pNodeReporter
34594338063.755005,henry,76.92,-14.49,0.96,358.84,kayak,MODE@ACTIVE:TRAVERSING,clear,301,34594338063.75,4,pNodeReporter
34594338064.35392,henry,76.89,-13.99,1.01,355.27,kayak,MODE@ACTIVE:TRAVERSING,clear,302,34594338064.35,4,pNodeReporter
34594338064.979904,henry,76.8,-13.27,1.01,349.71,kayak,MODE@ACTIVE:TRAVERSING,clear,303,34594338064.98,4,pNodeReporter
34594338065.593956,henry,76.69,-12.76,1.06,346.04,kayak,MODE@ACTIVE:TRAVERSING,clear,304,34594338065.59,4,pNodeReporter
34594338066.13195,henry,76.47,-12.02,1.12,341.17,kayak,MODE@ACTIVE:TRAVERSING,clear,305,34594338066.13,4,pNodeReporter
34594338066.710754,henry,76.29,-11.53,1.15,338.27,kayak,MODE@ACTIVE:TRAVERSING,clear,306,34594338066.71,4,pNodeReporter
34594338066.99084,henry,76.07,-11.01,1.19,335.45,kayak,MODE@ACTIVE:TRAVERSING,clear,307,34594338066.99,4,pNodeReporter
34594338067.28988,henry,76.07,-11.01,1.19,335.45,kayak,MODE@ACTIVE:TRAVERSING,clear,308,34594338067.29,4,pNodeReporter
34594338067.86078,henry,75.67,-10.23,1.21,331.35,kayak,MODE@ACTIVE:TRAVERSING,clear,309,34594338067.86,4,pNodeReporter
34594338068.4134,henry,75.38,-9.72,1.23,329.01,kayak,MODE@ACTIVE:TRAVERSING,clear,310,34594338068.41,4,pNodeReporter
34594338069.01632,henry,75.06,-9.21,1.25,326.9,kayak,MODE@ACTIVE:TRAVERSING,clear,311,34594338069.02,4,pNodeReporter
34594338069.60307,henry,74.53,-8.44,1.27,323.99,kayak,MODE@ACTIVE:TRAVERSING,clear,312,34594338069.6,4,pNodeReporter
34594338070.515114,henry,73.78,-7.46,1.31,320.91,kayak,MODE@ACTIVE:TRAVERSING,clear,313,34594338070.51,4,pNodeReporter
34594338071.956085,henry,72.74,-6.23,1.33,318.72,kayak,MODE@ACTIVE:TRAVERSING,clear,314,34594338071.95,4,pNodeReporter
34594338072.25438,henry,72.31,-5.75,1.32,318.06,kayak,MODE@ACTIVE:TRAVERSING,clear,315,34594338072.25,4,pNodeReporter
34594338075.37069,henry,69.45,-2.66,1.3,317.11,kayak,MODE@ACTIVE:TRAVERSING,clear,316,34594338075.37,4,pNodeReporter
34594338075.68459,henry,69.45,-2.66,1.3,317.11,kayak,MODE@ACTIVE:TRAVERSING,clear,317,34594338075.68,4,pNodeReporter
34594338077.21834,henry,67.92,-0.99,1.25,318.18,kayak,MODE@ACTIVE:TRAVERSING,clear,318,34594338077.22,4,pNodeReporter
34594338078.9574,henry,66.53,0.62,1.22,320.35,kayak,MODE@ACTIVE:TRAVERSING,clear,319,34594338078.96,4,pNodeReporter
34594338081.84018,henry,64.22,3.53,1.22,322.61,kayak,MODE@ACTIVE:TRAVERSING,clear,320,34594338081.84,4,pNodeReporter
34594338082.412384,henry,64.04,3.77,1.22,322.82,kayak,MODE@ACTIVE:TRAVERSING,clear,321,34594338082.41,4,pNodeReporter
34594338083.59038,henry,62.92,5.27,1.23,323.56,kayak,MODE@ACTIVE:TRAVERSING,clear,322,34594338083.59,4,pNodeReporter
34594338083.90543,henry,62.92,5.27,1.23,323.56,kayak,MODE@ACTIVE:TRAVERSING,clear,323,34594338083.9,4,pNodeReporter
34594338084.19225,henry,62.56,5.76,1.23,323.74,kayak,MODE@ACTIVE:TRAVERSING,clear,324,34594338084.19,4,pNodeReporter
34594338086.56856,henry,61.03,7.89,1.22,324.82,kayak,MODE@ACTIVE:TRAVERSING,clear,325,34594338086.57,4,pNodeReporter
34594338087.778404,henry,60,9.37,1.21,325.65,kayak,MODE@ACTIVE:TRAVERSING,clear,326,34594338087.78,4,pNodeReporter
34594338088.37228,henry,59.67,9.85,1.18,323.13,kayak,MODE@ACTIVE:TRAVERSING,clear,327,34594338088.37,4,pNodeReporter
34594338088.6246,henry,59.5,10.05,1.12,317.52,kayak,MODE@ACTIVE:TRAVERSING,clear,328,34594338088.62,4,pNodeReporter
34594338088.938126,henry,59.12,10.4,1,307.08,kayak,MODE@ACTIVE:TRAVERSING,clear,329,34594338088.94,4,pNodeReporter
34594338089.25203,henry,58.93,10.53,0.93,302.61,kayak,MODE@ACTIVE:TRAVERSING,clear,330,34594338089.25,4,pNodeReporter
34594338089.536194,henry,58.73,10.65,0.87,299.47,kayak,MODE@ACTIVE:TRAVERSING,clear,331,34594338089.54,4,pNodeReporter
34594338090.1187,henry,58.38,10.83,0.84,295.81,kayak,MODE@ACTIVE:TRAVERSING,clear,332,34594338090.12,4,pNodeReporter
34594338090.39732,henry,58.01,11,0.87,292.18,kayak,MODE@ACTIVE:TRAVERSING,clear,333,34594338090.4,4,pNodeReporter
34594338090.7099,henry,58.01,11,0.87,292.18,kayak,MODE@ACTIVE:TRAVERSING,clear,334,34594338090.71,4,pNodeReporter
34594338090.97953,henry,57.62,11.14,0.9,288.42,kayak,MODE@ACTIVE:TRAVERSING,clear,335,34594338090.98,4,pNodeReporter
34594338091.59761,henry,57.18,11.27,0.95,284.71,kayak,MODE@ACTIVE:TRAVERSING,clear,336,34594338091.6,4,pNodeReporter
34594338092.17786,henry,56.5,11.41,0.98,278.95,kayak,MODE@ACTIVE:TRAVERSING,clear,337,34594338092.18,4,pNodeReporter
34594338092.47346,henry,56.26,11.45,0.97,276.76,kayak,MODE@ACTIVE:TRAVERSING,clear,338,34594338092.47,4,pNodeReporter
34594338093.097885,henry,55.69,11.49,1.02,272.32,kayak,MODE@ACTIVE:TRAVERSING,clear,339,34594338093.1,4,pNodeReporter
34594338093.40922,henry,55.19,11.5,1.06,268.65,kayak,MODE@ACTIVE:TRAVERSING,clear,340,34594338093.41,4,pNodeReporter
34594338093.66778,henry,55.19,11.5,1.06,268.65,kayak,MODE@ACTIVE:TRAVERSING,clear,341,34594338093.67,4,pNodeReporter
34594338093.98156,henry,54.67,11.47,1.09,264.91,kayak,MODE@ACTIVE:TRAVERSING,clear,342,34594338093.98,4,pNodeReporter
34594338094.58416,henry,54.13,11.4,1.14,261.39,kayak,MODE@ACTIVE:TRAVERSING,clear,343,34594338094.58,4,pNodeReporter
34594338094.87034,henry,53.56,11.3,1.17,257.88,kayak,MODE@ACTIVE:TRAVERSING,clear,344,34594338094.87,4,pNodeReporter
34594338095.48246,henry,53.02,11.17,1.21,255.16,kayak,MODE@ACTIVE:TRAVERSING,clear,345,34594338095.48,4,pNodeReporter
34594338096.05941,henry,52.15,10.91,1.26,251.26,kayak,MODE@ACTIVE:TRAVERSING,clear,346,34594338096.06,4,pNodeReporter
34594338096.591034,henry,51.6,10.7,1.28,249.09,kayak,MODE@ACTIVE:TRAVERSING,clear,347,34594338096.59,4,pNodeReporter
34594338097.16536,henry,51,10.46,1.29,246.84,kayak,MODE@ACTIVE:TRAVERSING,clear,348,34594338097.16,4,pNodeReporter
34594338097.79221,henry,50.11,10.05,1.31,244.03,kayak,MODE@ACTIVE:TRAVERSING,clear,349,34594338097.79,4,pNodeReporter
34594338098.67722,henry,48.98,9.47,1.34,241.57,kayak,MODE@ACTIVE:TRAVERSING,clear,350,34594338098.68,4,pNodeReporter
34594338099.86105,henry,47.84,8.83,1.34,239.75,kayak,MODE@ACTIVE:TRAVERSING,clear,351,34594338099.86,4,pNodeReporter
34594338102.85242,henry,44.2,6.61,1.32,238.38,kayak,MODE@ACTIVE:TRAVERSING,clear,352,34594338102.85,4,pNodeReporter
34594338103.16275,henry,44.2,6.61,1.32,238.38,kayak,MODE@ACTIVE:TRAVERSING,clear,353,34594338103.16,4,pNodeReporter
34594338103.420685,henry,43.67,6.29,1.3,238.48,kayak,MODE@ACTIVE:TRAVERSING,clear,354,34594338103.42,4,pNodeReporter
34594338104.90025,henry,42.37,5.5,1.27,239.35,kayak,MODE@ACTIVE:TRAVERSING,clear,355,34594338104.9,4,pNodeReporter
34594338105.15864,henry,41.82,5.18,1.25,239.75,kayak,MODE@ACTIVE:TRAVERSING,clear,356,34594338105.16,4,pNodeReporter
34594338106.655304,henry,40.24,4.29,1.22,241.82,kayak,MODE@ACTIVE:TRAVERSING,clear,357,34594338106.65,4,pNodeReporter
34594338108.77576,henry,37.8,3.06,1.24,244.17,kayak,MODE@ACTIVE:TRAVERSING,clear,358,34594338108.77,4,pNodeReporter
34594338110.00568,henry,36.73,2.55,1.22,245.09,kayak,MODE@ACTIVE:TRAVERSING,clear,359,34594338110,4,pNodeReporter
34594338110.3091,henry,36.14,2.28,1.23,245.55,kayak,MODE@ACTIVE:TRAVERSING,clear,360,34594338110.31,4,pNodeReporter
34594338113.3956,henry,33.03,0.91,1.23,246.81,kayak,MODE@ACTIVE:TRAVERSING,clear,361,34594338113.39,4,pNodeReporter
34594338114.38282,henry,31.66,0.33,1.22,247.56,kayak,MODE@ACTIVE:TRAVERSING,clear,362,34594338114.38,4,pNodeReporter
34594338116.09953,henry,29.46,-0.56,1.22,248.17,kayak,MODE@ACTIVE:TRAVERSING,clear,363,34594338116.1,4,pNodeReporter
34594338116.37473,henry,29.46,-0.56,1.22,248.17,kayak,MODE@ACTIVE:TRAVERSING,clear,364,34594338116.37,4,pNodeReporter
34594338117.578476,henry,28.33,-1.01,1.22,248.4,kayak,MODE@ACTIVE:TRAVERSING,clear,365,34594338117.58,4,pNodeReporter
34594338117.8919,henry,27.63,-1.29,1.22,248.52,kayak,MODE@ACTIVE:TRAVERSING,clear,366,34594338117.89,4,pNodeReporter
34594338120.709694,henry,24.68,-2.42,1.21,249.34,kayak,MODE@ACTIVE:TRAVERSING,clear,367,34594338120.71,4,pNodeReporter
34594338121.28555,henry,23.83,-2.74,1.17,246.53,kayak,MODE@ACTIVE:TRAVERSING,clear,368,34594338121.28,4,pNodeReporter
34594338121.59462,henry,23.6,-2.86,1.11,240.96,kayak,MODE@ACTIVE:TRAVERSING,clear,369,34594338121.59,4,pNodeReporter
34594338121.89315,henry,23.17,-3.15,0.98,229.92,kayak,MODE@ACTIVE:TRAVERSING,clear,370,34594338121.89,4,pNodeReporter
34594338122.15098,henry,23,-3.31,0.92,224.9,kayak,MODE@ACTIVE:TRAVERSING,clear,371,34594338122.15,4,pNodeReporter
34594338122.430084,henry,23,-3.31,0.92,224.9,kayak,MODE@ACTIVE:TRAVERSING,clear,372,34594338122.43,4,pNodeReporter
34594338122.71349,henry,22.71,-3.62,0.79,219.68,kayak,MODE@ACTIVE:TRAVERSING,clear,373,34594338122.71,4,pNodeReporter
34594338123.009384,henry,22.6,-3.76,0.75,217.68,kayak,MODE@ACTIVE:TRAVERSING,clear,374,34594338123.01,4,pNodeReporter
34594338123.26192,henry,22.49,-3.91,0.74,215.57,kayak,MODE@ACTIVE:TRAVERSING,clear,375,34594338123.26,4,pNodeReporter
34594338123.5737,henry,22.39,-4.06,0.71,213.34,kayak,MODE@ACTIVE:TRAVERSING,clear,376,34594338123.57,4,pNodeReporter
34594338123.87186,henry,22.21,-4.36,0.73,208.92,kayak,MODE@ACTIVE:TRAVERSING,clear,377,34594338123.87,4,pNodeReporter
34594338124.4636,henry,22.05,-4.68,0.73,204.25,kayak,MODE@ACTIVE:TRAVERSING,clear,378,34594338124.46,4,pNodeReporter
34594338124.7864,henry,21.99,-4.82,0.75,202.13,kayak,MODE@ACTIVE:TRAVERSING,clear,379,34594338124.78,4,pNodeReporter
34594338125.08944,henry,21.86,-5.18,0.79,197.29,kayak,MODE@ACTIVE:TRAVERSING,clear,380,34594338125.09,4,pNodeReporter
34594338125.4039,henry,21.8,-5.38,0.82,194.74,kayak,MODE@ACTIVE:TRAVERSING,clear,381,34594338125.4,4,pNodeReporter
34594338125.67323,henry,21.75,-5.58,0.84,192.21,kayak,MODE@ACTIVE:TRAVERSING,clear,382,34594338125.67,4,pNodeReporter
34594338125.95697,henry,21.71,-5.8,0.87,189.6,kayak,MODE@ACTIVE:TRAVERSING,clear,383,34594338125.96,4,pNodeReporter
34594338126.27037,henry,21.68,-6,0.89,187.22,kayak,MODE@ACTIVE:TRAVERSING,clear,384,34594338126.27,4,pNodeReporter
34594338126.52729,henry,21.66,-6.22,0.91,184.74,kayak,MODE@ACTIVE:TRAVERSING,clear,385,34594338126.53,4,pNodeReporter
34594338126.84063,henry,21.64,-6.68,0.96,179.79,kayak,MODE@ACTIVE:TRAVERSING,clear,386,34594338126.84,4,pNodeReporter
34594338127.14194,henry,21.65,-6.91,0.99,177.55,kayak,MODE@ACTIVE:TRAVERSING,clear,387,34594338127.14,4,pNodeReporter
34594338127.455414,henry,21.66,-7.16,1.01,175.17,kayak,MODE@ACTIVE:TRAVERSING,clear,388,34594338127.45,4,pNodeReporter
34594338127.76056,henry,21.72,-7.65,1.06,170.73,kayak,MODE@ACTIVE:TRAVERSING,clear,389,34594338127.76,4,pNodeReporter
34594338128.07438,henry,21.77,-7.9,1.08,168.7,kayak,MODE@ACTIVE:TRAVERSING,clear,390,34594338128.07,4,pNodeReporter
34594338128.646996,henry,21.89,-8.4,1.13,164.81,kayak,MODE@ACTIVE:TRAVERSING,clear,391,34594338128.65,4,pNodeReporter
34594338128.9604,henry,22.06,-8.96,1.18,160.74,kayak,MODE@ACTIVE:TRAVERSING,clear,392,34594338128.96,4,pNodeReporter
34594338129.52134,henry,22.27,-9.5,1.23,157.28,kayak,MODE@ACTIVE:TRAVERSING,clear,393,34594338129.52,4,pNodeReporter
34594338129.837,henry,22.51,-10.03,1.27,154.39,kayak,MODE@ACTIVE:TRAVERSING,clear,394,34594338129.83,4,pNodeReporter
34594338130.14136,henry,22.51,-10.03,1.27,154.39,kayak,MODE@ACTIVE:TRAVERSING,clear,395,34594338130.14,4,pNodeReporter
34594338130.4273,henry,22.8,-10.61,1.32,151.53,kayak,MODE@ACTIVE:TRAVERSING,clear,396,34594338130.43,4,pNodeReporter
34594338131.03006,henry,23.14,-11.2,1.37,149.11,kayak,MODE@ACTIVE:TRAVERSING,clear,397,34594338131.03,4,pNodeReporter
34594338131.60601,henry,23.5,-11.78,1.42,146.84,kayak,MODE@ACTIVE:TRAVERSING,clear,398,34594338131.61,4,pNodeReporter
34594338131.90574,henry,23.9,-12.37,1.43,145.03,kayak,MODE@ACTIVE:TRAVERSING,clear,399,34594338131.91,4,pNodeReporter
34594338133.08352,henry,24.94,-13.78,1.46,142.71,kayak,MODE@ACTIVE:TRAVERSING,clear,400,34594338133.08,4,pNodeReporter
34594338134.264824,henry,25.81,-14.91,1.45,141.96,kayak,MODE@ACTIVE:TRAVERSING,clear,401,34594338134.26,4,pNodeReporter
