time,data,src
34594337844.87266,vname=henry|behavior-name=waypt_survey|index=0|hits=0/0|cycles=0|dist=47|eta=inf,pHelmIvP:1:waypt_survey
34594337845.42426,vname=henry|behavior-name=waypt_survey|index=0|hits=0/0|cycles=0|dist=47|eta=1554,pHelmIvP:4:waypt_survey
34594337845.80678,vname=henry|behavior-name=waypt_survey|index=0|hits=0/0|cycles=0|dist=47|eta=1165,pHelmIvP:6:waypt_survey
34594337845.98999,vname=henry|behavior-name=waypt_survey|index=0|hits=0/0|cycles=0|dist=47|eta=666,pHelmIvP:7:waypt_survey
34594337845.98999,vname=henry|behavior-name=waypt_survey|index=0|hits=0/0|cycles=0|dist=47|eta=666,pHelmIvP:7:waypt_survey
34594337846.199196,vname=henry|behavior-name=waypt_survey|index=0|hits=0/0|cycles=0|dist=47|eta=518,pHelmIvP:8:waypt_survey
34594337846.605484,vname=henry|behavior-name=waypt_survey|index=0|hits=0/0|cycles=0|dist=47|eta=333,pHelmIvP:10:waypt_survey
34594337846.7906,vname=henry|behavior-name=waypt_survey|index=0|hits=0/0|cycles=0|dist=47|eta=274,pHelmIvP:11:waypt_survey
34594337847.36842,vname=henry|behavior-name=waypt_survey|index=0|hits=0/0|cycles=0|dist=47|eta=245,pHelmIvP:14:waypt_survey
34594337847.57285,vname=henry|behavior-name=waypt_survey|index=0|hits=0/0|cycles=0|dist=46|eta=194,pHelmIvP:15:waypt_survey
34594337847.77936,vname=henry|behavior-name=waypt_survey|index=0|hits=0/0|cycles=0|dist=46|eta=178,pHelmIvP:16:waypt_survey
34594337848.123825,vname=henry|behavior-name=waypt_survey|index=0|hits=0/0|cycles=0|dist=46|eta=160,pHelmIvP:18:waypt_survey
34594337848.2911,vname=henry|behavior-name=waypt_survey|index=0|hits=0/0|cycles=0|dist=46|eta=149,pHelmIvP:19:waypt_survey
34594337848.68264,vname=henry|behavior-name=waypt_survey|index=0|hits=0/0|cycles=0|dist=46|eta=136,pHelmIvP:21:waypt_survey
34594337848.89126,vname=henry|behavior-name=waypt_survey|index=0|hits=0/0|cycles=0|dist=46|eta=128,pHelmIvP:22:waypt_survey
34594337849.08104,vname=henry|behavior-name=waypt_survey|index=0|hits=0/0|cycles=0|dist=46|eta=121,pHelmIvP:23:waypt_survey
34594337849.27599,vname=henry|behavior-name=waypt_survey|index=0|hits=0/0|cycles=0|dist=46|eta=112,pHelmIvP:24:waypt_survey
34594337849.483246,vname=henry|behavior-name=waypt_survey|index=0|hits=0/0|cycles=0|dist=46|eta=107,pHelmIvP:25:waypt_survey
34594337849.85616,vname=henry|behavior-name=waypt_survey|index=0|hits=0/0|cycles=0|dist=46|eta=102,pHelmIvP:27:waypt_survey
34594337850.02952,vname=henry|behavior-name=waypt_survey|index=0|hits=0/0|cycles=0|dist=46|eta=100,pHelmIvP:28:waypt_survey
34594337850.23513,vname=henry|behavior-name=waypt_survey|index=0|hits=0/0|cycles=0|dist=46|eta=93,pHelmIvP:29:waypt_survey
34594337850.64956,vname=henry|behavior-name=waypt_survey|index=0|hits=0/0|cycles=0|dist=46|eta=90,pHelmIvP:31:waypt_survey
34594337850.857254,vname=henry|behavior-name=waypt_survey|index=0|hits=0/0|cycles=0|dist=46|eta=89,pHelmIvP:32:waypt_survey
34594337851.0636,vname=henry|behavior-name=waypt_survey|index=0|hits=0/0|cycles=0|dist=46|eta=86,pHelmIvP:33:waypt_survey
34594337851.26762,vname=henry|behavior-name=waypt_survey|index=0|hits=0/0|cycles=0|dist=45|eta=83,pHelmIvP:34:waypt_survey
34594337851.654655,vname=henry|behavior-name=waypt_survey|index=0|hits=0/0|cycles=0|dist=45|eta=80,pHelmIvP:36:waypt_survey
34594337851.862305,vname=henry|behavior-name=waypt_survey|index=0|hits=0/0|cycles=0|dist=45|eta=77,pHelmIvP:37:waypt_survey
34594337852.034424,vname=henry|behavior-name=waypt_survey|index=0|hits=0/0|cycles=0|dist=45|eta=74,pHelmIvP:38:waypt_survey
34594337852.239365,vname=henry|behavior-name=waypt_survey|index=0|hits=0/0|cycles=0|dist=45|eta=72,pHelmIvP:39:waypt_survey
34594337852.62392,vname=henry|behavior-name=waypt_survey|index=0|hits=0/0|cycles=0|dist=45|eta=69,pHelmIvP:41:waypt_survey
34594337852.817924,vname=henry|behavior-name=waypt_survey|index=0|hits=0/0|cycles=0|dist=45|eta=67,pHelmIvP:42:waypt_survey
34594337853.02689,vname=henry|behavior-name=waypt_survey|index=0|hits=0/0|cycles=0|dist=45|eta=64,pHelmIvP:43:waypt_survey
34594337853.20343,vname=henry|behavior-name=waypt_survey|index=0|hits=0/0|cycles=0|dist=45|eta=63,pHelmIvP:44:waypt_survey
34594337853.5917,vname=henry|behavior-name=waypt_survey|index=0|hits=0/0|cycles=0|dist=44|eta=61,pHelmIvP:46:waypt_survey
34594337853.798,vname=henry|behavior-name=waypt_survey|index=0|hits=0/0|cycles=0|dist=44|eta=59,pHelmIvP:47:waypt_survey
34594337853.99619,vname=henry|behavior-name=waypt_survey|index=0|hits=0/0|cycles=0|dist=44|eta=57,pHelmIvP:48:waypt_survey
34594337854.20139,vname=henry|behavior-name=waypt_survey|index=0|hits=0/0|cycles=0|dist=44|eta=55,pHelmIvP:49:waypt_survey
34594337854.40361,vname=henry|behavior-name=waypt_survey|index=0|hits=0/0|cycles=0|dist=44|eta=53,pHelmIvP:50:waypt_survey
34594337854.78482,vname=henry|behavior-name=waypt_survey|index=0|hits=0/0|cycles=0|dist=43|eta=50,pHelmIvP:52:waypt_survey
34594337855.186455,vname=henry|behavior-name=waypt_survey|index=0|hits=0/0|cycles=0|dist=43|eta=48,pHelmIvP:54:waypt_survey
34594337855.78587,vname=henry|behavior-name=waypt_survey|index=0|hits=0/0|cycles=0|dist=43|eta=47,pHelmIvP:57:waypt_survey
34594337855.95961,vname=henry|behavior-name=waypt_survey|index=0|hits=0/0|cycles=0|dist=43|eta=46,pHelmIvP:58:waypt_survey
34594337856.15495,vname=henry|behavior-name=waypt_survey|index=0|hits=0/0|cycles=0|dist=42|eta=45,pHelmIvP:59:waypt_survey
34594337856.36596,vname=henry|behavior-name=waypt_survey|index=0|hits=0/0|cycles=0|dist=42|eta=43,pHelmIvP:60:waypt_survey
34594337856.56116,vname=henry|behavior-name=waypt_survey|index=0|hits=0/0|cycles=0|dist=42|eta=42,pHelmIvP:61:waypt_survey
34594337856.92788,vname=henry|behavior-name=waypt_survey|index=0|hits=0/0|cycles=0|dist=42|eta=40,pHelmIvP:63:waypt_survey
34594337857.08884,vname=henry|behavior-name=waypt_survey|index=0|hits=0/0|cycles=0|dist=41|eta=39,pHelmIvP:64:waypt_survey
34594337857.439415,vname=henry|behavior-name=waypt_survey|index=0|hits=0/0|cycles=0|dist=41|eta=38,pHelmIvP:66:waypt_survey
34594337857.815445,vname=henry|behavior-name=waypt_survey|index=0|hits=0/0|cycles=0|dist=41|eta=37,pHelmIvP:68:waypt_survey
34594337858.1991,vname=henry|behavior-name=waypt_survey|index=0|hits=0/0|cycles=0|dist=40|eta=36,pHelmIvP:70:waypt_survey
34594337858.40356,vname=henry|behavior-name=waypt_survey|index=0|hits=0/0|cycles=0|dist=40|eta=35,pHelmIvP:71:waypt_survey
34594337858.60994,vname=henry|behavior-name=waypt_survey|index=0|hits=0/0|cycles=0|dist=40|eta=34,pHelmIvP:72:waypt_survey
34594337858.99232,vname=henry|behavior-name=waypt_survey|index=0|hits=0/0|cycles=0|dist=39|eta=33,pHelmIvP:74:waypt_survey
34594337859.39492,vname=henry|behavior-name=waypt_survey|index=0|hits=0/0|cycles=0|dist=39|eta=32,pHelmIvP:76:waypt_survey
34594337859.79982,vname=henry|behavior-name=waypt_survey|index=0|hits=0/0|cycles=0|dist=38|eta=31,pHelmIvP:78:waypt_survey
34594337860.17318,vname=henry|behavior-name=waypt_survey|index=0|hits=0/0|cycles=0|dist=38|eta=30,pHelmIvP:80:waypt_survey
34594337860.55016,vname=henry|behavior-name=waypt_survey|index=0|hits=0/0|cycles=0|dist=37|eta=29,pHelmIvP:82:waypt_survey
34594337860.96322,vname=henry|behavior-name=waypt_survey|index=0|hits=0/0|cycles=0|dist=37|eta=28,pHelmIvP:84:waypt_survey
34594337861.35315,vname=henry|behavior-name=waypt_survey|index=0|hits=0/0|cycles=0|dist=36|eta=28,pHelmIvP:86:waypt_survey
34594337861.76414,vname=henry|behavior-name=waypt_survey|index=0|hits=0/0|cycles=0|dist=36|eta=27,pHelmIvP:88:waypt_survey
34594337862.11018,vname=henry|behavior-name=waypt_survey|index=0|hits=0/0|cycles=0|dist=35|eta=27,pHelmIvP:90:waypt_survey
34594337862.51133,vname=henry|behavior-name=waypt_survey|index=0|hits=0/0|cycles=0|dist=35|eta=26,pHelmIvP:92:waypt_survey
34594337862.88855,vname=henry|behavior-name=waypt_survey|index=0|hits=0/0|cycles=0|dist=34|eta=26,pHelmIvP:94:waypt_survey
34594337863.47379,vname=henry|behavior-name=waypt_survey|index=0|hits=0/0|cycles=0|dist=34|eta=25,pHelmIvP:97:waypt_survey
34594337863.876884,vname=henry|behavior-name=waypt_survey|index=0|hits=0/0|cycles=0|dist=33|eta=25,pHelmIvP:99:waypt_survey
34594337864.68584,vname=henry|behavior-name=waypt_survey|index=0|hits=0/0|cycles=0|dist=32|eta=25,pHelmIvP:103:waypt_survey
34594337864.89116,vname=henry|behavior-name=waypt_survey|index=0|hits=0/0|cycles=0|dist=32|eta=24,pHelmIvP:104:waypt_survey
34594337865.0851,vname=henry|behavior-name=waypt_survey|index=0|hits=0/0|cycles=0|dist=31|eta=24,pHelmIvP:105:waypt_survey
34594337865.89606,vname=henry|behavior-name=waypt_survey|index=0|hits=0/0|cycles=0|dist=30|eta=24,pHelmIvP:109:waypt_survey
34594337866.88123,vname=henry|behavior-name=waypt_survey|index=0|hits=0/0|cycles=0|dist=29|eta=23,pHelmIvP:114:waypt_survey
34594337867.69532,vname=henry|behavior-name=waypt_survey|index=0|hits=0/0|cycles=0|dist=28|eta=23,pHelmIvP:118:waypt_survey
34594337868.31566,vname=henry|behavior-name=waypt_survey|index=0|hits=0/0|cycles=0|dist=28|eta=22,pHelmIvP:121:waypt_survey
34594337868.716774,vname=henry|behavior-name=waypt_survey|index=0|hits=0/0|cycles=0|dist=27|eta=22,pHelmIvP:123:waypt_survey
34594337869.35466,vname=henry|behavior-name=waypt_survey|index=0|hits=0/0|cycles=0|dist=26|eta=22,pHelmIvP:126:waypt_survey
34594337870.1253,vname=henry|behavior-name=waypt_survey|index=0|hits=0/0|cycles=0|dist=26|eta=21,pHelmIvP:130:waypt_survey
34594337870.312164,vname=henry|behavior-name=waypt_survey|index=0|hits=0/0|cycles=0|dist=25|eta=21,pHelmIvP:131:waypt_survey
34594337870.50744,vname=henry|behavior-name=waypt_survey|index=0|hits=0/0|cycles=0|dist=25|eta=20,pHelmIvP:132:waypt_survey
34594337871.11369,vname=henry|behavior-name=waypt_survey|index=0|hits=0/0|cycles=0|dist=24|eta=20,pHelmIvP:135:waypt_survey
34594337871.515076,vname=henry|behavior-name=waypt_survey|index=0|hits=0/0|cycles=0|dist=24|eta=19,pHelmIvP:137:waypt_survey
34594337871.90527,vname=henry|behavior-name=waypt_survey|index=0|hits=0/0|cycles=0|dist=23|eta=19,pHelmIvP:139:waypt_survey
34594337872.47435,vname=henry|behavior-name=waypt_survey|index=0|hits=0/0|cycles=0|dist=23|eta=18,pHelmIvP:142:waypt_survey
34594337872.6823,vname=henry|behavior-name=waypt_survey|index=0|hits=0/0|cycles=0|dist=22|eta=18,pHelmIvP:143:waypt_survey
34594337873.44864,vname=henry|behavior-name=waypt_survey|index=0|hits=0/0|cycles=0|dist=21|eta=18,pHelmIvP:147:waypt_survey
34594337873.6595,vname=henry|behavior-name=waypt_survey|index=0|hits=0/0|cycles=0|dist=21|eta=17,pHelmIvP:148:waypt_survey
34594337874.078514,vname=henry|behavior-name=waypt_survey|index=0|hits=0/0|cycles=0|dist=20|eta=17,pHelmIvP:150:waypt_survey
34594337874.284355,vname=henry|behavior-name=waypt_survey|index=0|hits=0/0|cycles=0|dist=20|eta=16,pHelmIvP:151:waypt_survey
34594337875.06472,vname=henry|behavior-name=waypt_survey|index=0|hits=0/0|cycles=0|dist=19|eta=16,pHelmIvP:155:waypt_survey
34594337875.45322,vname=henry|behavior-name=waypt_survey|index=0|hits=0/0|cycles=0|dist=19|eta=15,pHelmIvP:157:waypt_survey
34594337875.82818,vname=henry|behavior-name=waypt_survey|index=0|hits=0/0|cycles=0|dist=18|eta=15,pHelmIvP:159:waypt_survey
34594337876.43136,vname=henry|behavior-name=waypt_survey|index=0|hits=0/0|cycles=0|dist=18|eta=14,pHelmIvP:162:waypt_survey
34594337876.639,vname=henry|behavior-name=waypt_survey|index=0|hits=0/0|cycles=0|dist=17|eta=14,pHelmIvP:163:waypt_survey
34594337877.65749,vname=henry|behavior-name=waypt_survey|index=0|hits=0/0|cycles=0|dist=16|eta=13,pHelmIvP:168:waypt_survey
34594337878.23262,vname=henry|behavior-name=waypt_survey|index=0|hits=0/0|cycles=0|dist=15|eta=13,pHelmIvP:171:waypt_survey
34594337878.6186,vname=henry|behavior-name=waypt_survey|index=0|hits=0/0|cycles=0|dist=15|eta=12,pHelmIvP:173:waypt_survey
34594337879.03,vname=henry|behavior-name=waypt_survey|index=0|hits=0/0|cycles=0|dist=14|eta=12,pHelmIvP:175:waypt_survey
34594337879.61604,vname=henry|behavior-name=waypt_survey|index=0|hits=0/0|cycles=0|dist=14|eta=11,pHelmIvP:178:waypt_survey
34594337880.000015,vname=henry|behavior-name=waypt_survey|index=0|hits=0/0|cycles=0|dist=13|eta=11,pHelmIvP:180:waypt_survey
34594337880.61541,vname=henry|behavior-name=waypt_survey|index=0|hits=0/0|cycles=0|dist=13|eta=10,pHelmIvP:183:waypt_survey
34594337880.812256,vname=henry|behavior-name=waypt_survey|index=0|hits=0/0|cycles=0|dist=12|eta=10,pHelmIvP:184:waypt_survey
34594337881.60814,vname=henry|behavior-name=waypt_survey|index=0|hits=0/0|cycles=0|dist=11|eta=9,pHelmIvP:188:waypt_survey
34594337882.42592,vname=henry|behavior-name=waypt_survey|index=0|hits=0/0|cycles=0|dist=10|eta=8,pHelmIvP:192:waypt_survey
34594337883.201294,vname=henry|behavior-name=waypt_survey|index=0|hits=0/0|cycles=0|dist=9|eta=8,pHelmIvP:196:waypt_survey
34594337883.40194,vname=henry|behavior-name=waypt_survey|index=0|hits=0/0|cycles=0|dist=9|eta=7,pHelmIvP:197:waypt_survey
34594337884.17844,vname=henry|behavior-name=waypt_survey|index=0|hits=0/0|cycles=0|dist=8|eta=7,pHelmIvP:201:waypt_survey
34594337884.38466,vname=henry|behavior-name=waypt_survey|index=0|hits=0/0|cycles=0|dist=8|eta=6,pHelmIvP:202:waypt_survey
34594337884.961685,vname=henry|behavior-name=waypt_survey|index=0|hits=0/0|cycles=0|dist=7|eta=6,pHelmIvP:205:waypt_survey
34594337885.57845,vname=henry|behavior-name=waypt_survey|index=0|hits=0/0|cycles=0|dist=6|eta=5,pHelmIvP:208:waypt_survey
34594337886.35492,vname=henry|behavior-name=waypt_survey|index=0|hits=0/0|cycles=0|dist=5|eta=5,pHelmIvP:212:waypt_survey
34594337886.527794,vname=henry|behavior-name=waypt_survey|index=0|hits=0/0|cycles=0|dist=5|eta=4,pHelmIvP:213:waypt_survey
34594337887.345955,vname=henry|behavior-name=waypt_survey|index=0|hits=0/0|cycles=0|dist=4|eta=4,pHelmIvP:217:waypt_survey
34594337887.7243,vname=henry|behavior-name=waypt_survey|index=0|hits=0/0|cycles=0|dist=4|eta=3,pHelmIvP:219:waypt_survey
34594337888.13549,vname=henry|behavior-name=waypt_survey|index=0|hits=0/0|cycles=0|dist=3|eta=3,pHelmIvP:221:waypt_survey
34594337888.74122,vname=henry|behavior-name=waypt_survey|index=0|hits=0/0|cycles=0|dist=3|eta=2,pHelmIvP:224:waypt_survey
34594337889.33643,vname=henry|behavior-name=waypt_survey|index=0|hits=0/0|cycles=0|dist=2|eta=2,pHelmIvP:227:waypt_survey
34594337889.54245,vname=henry|behavior-name=waypt_survey|index=1|hits=1/1|cycles=0|dist=28|eta=23,pHelmIvP:228:waypt_survey
34594337889.74894,vname=henry|behavior-name=waypt_survey|index=1|hits=1/1|cycles=0|dist=27|eta=23,pHelmIvP:229:waypt_survey
34594337890.36628,vname=henry|behavior-name=waypt_survey|index=1|hits=1/1|cycles=0|dist=27|eta=24,pHelmIvP:232:waypt_survey
34594337890.572235,vname=henry|behavior-name=waypt_survey|index=1|hits=1/1|cycles=0|dist=27|eta=25,pHelmIvP:233:waypt_survey
34594337890.9161,vname=henry|behavior-name=waypt_survey|index=1|hits=1/1|cycles=0|dist=27|eta=27,pHelmIvP:235:waypt_survey
34594337891.25564,vname=henry|behavior-name=waypt_survey|index=1|hits=1/1|cycles=0|dist=26|eta=28,pHelmIvP:237:waypt_survey
34594337891.85976,vname=henry|behavior-name=waypt_survey|index=1|hits=1/1|cycles=0|dist=26|eta=27,pHelmIvP:240:waypt_survey
34594337892.221664,vname=henry|behavior-name=waypt_survey|index=1|hits=1/1|cycles=0|dist=26|eta=26,pHelmIvP:242:waypt_survey
34594337892.426674,vname=henry|behavior-name=waypt_survey|index=1|hits=1/1|cycles=0|dist=25|eta=25,pHelmIvP:243:waypt_survey
34594337892.83204,vname=henry|behavior-name=waypt_survey|index=1|hits=1/1|cycles=0|dist=25|eta=24,pHelmIvP:245:waypt_survey
34594337893.225296,vname=henry|behavior-name=waypt_survey|index=1|hits=1/1|cycles=0|dist=24|eta=24,pHelmIvP:247:waypt_survey
34594337893.59364,vname=henry|behavior-name=waypt_survey|index=1|hits=1/1|cycles=0|dist=24|eta=23,pHelmIvP:249:waypt_survey
34594337893.76043,vname=henry|behavior-name=waypt_survey|index=1|hits=1/1|cycles=0|dist=24|eta=22,pHelmIvP:250:waypt_survey
34594337894.60527,vname=henry|behavior-name=waypt_survey|index=1|hits=1/1|cycles=0|dist=23|eta=22,pHelmIvP:254:waypt_survey
34594337894.79104,vname=henry|behavior-name=waypt_survey|index=1|hits=1/1|cycles=0|dist=23|eta=21,pHelmIvP:255:waypt_survey
34594337895.16176,vname=henry|behavior-name=waypt_survey|index=1|hits=1/1|cycles=0|dist=23|eta=20,pHelmIvP:257:waypt_survey
34594337895.36987,vname=henry|behavior-name=waypt_survey|index=1|hits=1/1|cycles=0|dist=22|eta=20,pHelmIvP:258:waypt_survey
34594337895.545135,vname=henry|behavior-name=waypt_survey|index=1|hits=1/1|cycles=0|dist=22|eta=19,pHelmIvP:259:waypt_survey
34594337896.33826,vname=henry|behavior-name=waypt_survey|index=1|hits=1/1|cycles=0|dist=21|eta=18,pHelmIvP:263:waypt_survey
34594337896.948494,vname=henry|behavior-name=waypt_survey|index=1|hits=1/1|cycles=0|dist=21|eta=17,pHelmIvP:266:waypt_survey
34594337897.31636,vname=henry|behavior-name=waypt_survey|index=1|hits=1/1|cycles=0|dist=20|eta=17,pHelmIvP:268:waypt_survey
34594337897.518,vname=henry|behavior-name=waypt_survey|index=1|hits=1/1|cycles=0|dist=20|eta=16,pHelmIvP:269:waypt_survey
34594337897.904785,vname=henry|behavior-name=waypt_survey|index=1|hits=1/1|cycles=0|dist=19|eta=16,pHelmIvP:271:waypt_survey
34594337898.49099,vname=henry|behavior-name=waypt_survey|index=1|hits=1/1|cycles=0|dist=19|eta=15,pHelmIvP:274:waypt_survey
34594337898.69804,vname=henry|behavior-name=waypt_survey|index=1|hits=1/1|cycles=0|dist=18|eta=15,pHelmIvP:275:waypt_survey
34594337898.90493,vname=henry|behavior-name=waypt_survey|index=1|hits=1/1|cycles=0|dist=18|eta=14,pHelmIvP:276:waypt_survey
34594337899.666855,vname=henry|behavior-name=waypt_survey|index=1|hits=1/1|cycles=0|dist=17|eta=14,pHelmIvP:280:waypt_survey
34594337899.85719,vname=henry|behavior-name=waypt_survey|index=1|hits=1/1|cycles=0|dist=17|eta=13,pHelmIvP:281:waypt_survey
34594337900.52968,vname=henry|behavior-name=waypt_survey|index=1|hits=1/1|cycles=0|dist=16|eta=13,pHelmIvP:284:waypt_survey
34594337900.737564,vname=henry|behavior-name=waypt_survey|index=1|hits=1/1|cycles=0|dist=16|eta=12,pHelmIvP:285:waypt_survey
34594337901.16526,vname=henry|behavior-name=waypt_survey|index=1|hits=1/1|cycles=0|dist=15|eta=12,pHelmIvP:287:waypt_survey
34594337901.55318,vname=henry|behavior-name=waypt_survey|index=1|hits=1/1|cycles=0|dist=15|eta=11,pHelmIvP:289:waypt_survey
34594337901.7586,vname=henry|behavior-name=waypt_survey|index=1|hits=1/1|cycles=0|dist=14|eta=11,pHelmIvP:290:waypt_survey
34594337902.55788,vname=henry|behavior-name=waypt_survey|index=1|hits=1/1|cycles=0|dist=13|eta=10,pHelmIvP:294:waypt_survey
34594337903.3606,vname=henry|behavior-name=waypt_survey|index=1|hits=1/1|cycles=0|dist=12|eta=10,pHelmIvP:298:waypt_survey
34594337903.75195,vname=henry|behavior-name=waypt_survey|index=1|hits=1/1|cycles=0|dist=12|eta=9,pHelmIvP:300:waypt_survey
34594337904.34192,vname=henry|behavior-name=waypt_survey|index=1|hits=1/1|cycles=0|dist=11|eta=9,pHelmIvP:303:waypt_survey
34594337904.90543,vname=henry|behavior-name=waypt_survey|index=1|hits=1/1|cycles=0|dist=11|eta=8,pHelmIvP:306:waypt_survey
34594337905.09714,vname=henry|behavior-name=waypt_survey|index=1|hits=1/1|cycles=0|dist=10|eta=8,pHelmIvP:307:waypt_survey
34594337905.90076,vname=henry|behavior-name=waypt_survey|index=1|hits=1/1|cycles=0|dist=9|eta=8,pHelmIvP:311:waypt_survey
34594337906.09248,vname=henry|behavior-name=waypt_survey|index=1|hits=1/1|cycles=0|dist=9|eta=7,pHelmIvP:312:waypt_survey
34594337906.64352,vname=henry|behavior-name=waypt_survey|index=1|hits=1/1|cycles=0|dist=8|eta=7,pHelmIvP:315:waypt_survey
34594337907.03428,vname=henry|behavior-name=waypt_survey|index=1|hits=1/1|cycles=0|dist=8|eta=6,pHelmIvP:317:waypt_survey
34594337907.59726,vname=henry|behavior-name=waypt_survey|index=1|hits=1/1|cycles=0|dist=7|eta=6,pHelmIvP:320:waypt_survey
34594337907.99382,vname=henry|behavior-name=waypt_survey|index=1|hits=1/1|cycles=0|dist=7|eta=5,pHelmIvP:322:waypt_survey
34594337908.18517,vname=henry|behavior-name=waypt_survey|index=1|hits=1/1|cycles=0|dist=6|eta=5,pHelmIvP:323:waypt_survey
34594337908.97326,vname=henry|behavior-name=waypt_survey|index=1|hits=1/1|cycles=0|dist=5|eta=4,pHelmIvP:327:waypt_survey
34594337909.79606,vname=henry|behavior-name=waypt_survey|index=1|hits=1/1|cycles=0|dist=4|eta=3,pHelmIvP:331:waypt_survey
34594337910.970375,vname=henry|behavior-name=waypt_survey|index=1|hits=1/1|cycles=0|dist=3|eta=3,pHelmIvP:335:waypt_survey
34594337911.178024,vname=henry|behavior-name=waypt_survey|index=1|hits=1/1|cycles=0|dist=3|eta=2,pHelmIvP:336:waypt_survey
34594337911.55159,vname=henry|behavior-name=waypt_survey|index=1|hits=1/1|cycles=0|dist=2|eta=2,pHelmIvP:338:waypt_survey
34594337911.766235,vname=henry|behavior-name=waypt_survey|index=2|hits=2/2|cycles=0|dist=22|eta=18,pHelmIvP:339:waypt_survey
34594337911.766235,vname=henry|behavior-name=waypt_survey|index=2|hits=2/2|cycles=0|dist=22|eta=18,pHelmIvP:339:waypt_survey
34594337912.33453,vname=henry|behavior-name=waypt_survey|index=2|hits=2/2|cycles=0|dist=22|eta=19,pHelmIvP:342:waypt_survey
34594337912.72065,vname=henry|behavior-name=waypt_survey|index=2|hits=2/2|cycles=0|dist=21|eta=20,pHelmIvP:344:waypt_survey
34594337913.11432,vname=henry|behavior-name=waypt_survey|index=2|hits=2/2|cycles=0|dist=21|eta=21,pHelmIvP:346:waypt_survey
34594337913.32935,vname=henry|behavior-name=waypt_survey|index=2|hits=2/2|cycles=0|dist=21|eta=23,pHelmIvP:347:waypt_survey
34594337913.520134,vname=henry|behavior-name=waypt_survey|index=2|hits=2/2|cycles=0|dist=21|eta=22,pHelmIvP:348:waypt_survey
34594337913.7064,vname=henry|behavior-name=waypt_survey|index=2|hits=2/2|cycles=0|dist=20|eta=21,pHelmIvP:349:waypt_survey
34594337914.08886,vname=henry|behavior-name=waypt_survey|index=2|hits=2/2|cycles=0|dist=20|eta=20,pHelmIvP:351:waypt_survey
34594337914.65818,vname=henry|behavior-name=waypt_survey|index=2|hits=2/2|cycles=0|dist=20|eta=19,pHelmIvP:354:waypt_survey
34594337914.8511,vname=henry|behavior-name=waypt_survey|index=2|hits=2/2|cycles=0|dist=19|eta=18,pHelmIvP:355:waypt_survey
34594337915.25565,vname=henry|behavior-name=waypt_survey|index=2|hits=2/2|cycles=0|dist=19|eta=17,pHelmIvP:357:waypt_survey
34594337915.60891,vname=henry|behavior-name=waypt_survey|index=2|hits=2/2|cycles=0|dist=19|eta=16,pHelmIvP:359:waypt_survey
34594337915.817024,vname=henry|behavior-name=waypt_survey|index=2|hits=2/2|cycles=0|dist=18|eta=16,pHelmIvP:360:waypt_survey
34594337916.0216,vname=henry|behavior-name=waypt_survey|index=2|hits=2/2|cycles=0|dist=18|eta=15,pHelmIvP:361:waypt_survey
34594337916.78088,vname=henry|behavior-name=waypt_survey|index=2|hits=2/2|cycles=0|dist=17|eta=15,pHelmIvP:365:waypt_survey
34594337916.96904,vname=henry|behavior-name=waypt_survey|index=2|hits=2/2|cycles=0|dist=17|eta=14,pHelmIvP:366:waypt_survey
34594337917.532585,vname=henry|behavior-name=waypt_survey|index=2|hits=2/2|cycles=0|dist=16|eta=14,pHelmIvP:369:waypt_survey
34594337917.94587,vname=henry|behavior-name=waypt_survey|index=2|hits=2/2|cycles=0|dist=16|eta=13,pHelmIvP:371:waypt_survey
34594337918.53125,vname=henry|behavior-name=waypt_survey|index=2|hits=2/2|cycles=0|dist=15|eta=13,pHelmIvP:374:waypt_survey
34594337918.710495,vname=henry|behavior-name=waypt_survey|index=2|hits=2/2|cycles=0|dist=15|eta=12,pHelmIvP:375:waypt_survey
34594337919.30381,vname=henry|behavior-name=waypt_survey|index=2|hits=2/2|cycles=0|dist=14|eta=12,pHelmIvP:378:waypt_survey
34594337919.735344,vname=henry|behavior-name=waypt_survey|index=2|hits=2/2|cycles=0|dist=14|eta=11,pHelmIvP:380:waypt_survey
34594337920.32708,vname=henry|behavior-name=waypt_survey|index=2|hits=2/2|cycles=0|dist=13|eta=10,pHelmIvP:383:waypt_survey
34594337920.72944,vname=henry|behavior-name=waypt_survey|index=2|hits=2/2|cycles=0|dist=12|eta=10,pHelmIvP:385:waypt_survey
34594337921.32174,vname=henry|behavior-name=waypt_survey|index=2|hits=2/2|cycles=0|dist=12|eta=9,pHelmIvP:388:waypt_survey
34594337921.683105,vname=henry|behavior-name=waypt_survey|index=2|hits=2/2|cycles=0|dist=11|eta=9,pHelmIvP:390:waypt_survey
34594337922.2924,vname=henry|behavior-name=waypt_survey|index=2|hits=2/2|cycles=0|dist=11|eta=8,pHelmIvP:393:waypt_survey
34594337922.67,vname=henry|behavior-name=waypt_survey|index=2|hits=2/2|cycles=0|dist=10|eta=8,pHelmIvP:395:waypt_survey
34594337923.218376,vname=henry|behavior-name=waypt_survey|index=2|hits=2/2|cycles=0|dist=9|eta=7,pHelmIvP:398:waypt_survey
34594337924.190155,vname=henry|behavior-name=waypt_survey|index=2|hits=2/2|cycles=0|dist=8|eta=6,pHelmIvP:403:waypt_survey
34594337924.83818,vname=henry|behavior-name=waypt_survey|index=2|hits=2/2|cycles=0|dist=7|eta=6,pHelmIvP:406:waypt_survey
34594337925.32013,vname=henry|behavior-name=waypt_survey|index=2|hits=2/2|cycles=0|dist=7|eta=5,pHelmIvP:408:waypt_survey
34594337925.445244,vname=henry|behavior-name=waypt_survey|index=2|hits=2/2|cycles=0|dist=6|eta=5,pHelmIvP:409:waypt_survey
34594337926.45142,vname=henry|behavior-name=waypt_survey|index=2|hits=2/2|cycles=0|dist=5|eta=4,pHelmIvP:414:waypt_survey
34594337927.24656,vname=henry|behavior-name=waypt_survey|index=2|hits=2/2|cycles=0|dist=4|eta=3,pHelmIvP:418:waypt_survey
34594337928.01838,vname=henry|behavior-name=waypt_survey|index=2|hits=2/2|cycles=0|dist=3|eta=3,pHelmIvP:422:waypt_survey
34594337928.19799,vname=henry|behavior-name=waypt_survey|index=2|hits=2/2|cycles=0|dist=3|eta=2,pHelmIvP:423:waypt_survey
34594337928.8156,vname=henry|behavior-name=waypt_survey|index=2|hits=2/2|cycles=0|dist=2|eta=2,pHelmIvP:426:waypt_survey
34594337929.19922,vname=henry|behavior-name=waypt_survey|index=3|hits=3/3|cycles=0|dist=33|eta=27,pHelmIvP:428:waypt_survey
34594337929.972015,vname=henry|behavior-name=waypt_survey|index=3|hits=3/3|cycles=0|dist=33|eta=28,pHelmIvP:432:waypt_survey
34594337930.176155,vname=henry|behavior-name=waypt_survey|index=3|hits=3/3|cycles=0|dist=33|eta=30,pHelmIvP:433:waypt_survey
34594337930.58706,vname=henry|behavior-name=waypt_survey|index=3|hits=3/3|cycles=0|dist=33|eta=31,pHelmIvP:435:waypt_survey
34594337930.794556,vname=henry|behavior-name=waypt_survey|index=3|hits=3/3|cycles=0|dist=32|eta=33,pHelmIvP:436:waypt_survey
34594337931.00135,vname=henry|behavior-name=waypt_survey|index=3|hits=3/3|cycles=0|dist=32|eta=35,pHelmIvP:437:waypt_survey
34594337931.17585,vname=henry|behavior-name=waypt_survey|index=3|hits=3/3|cycles=0|dist=32|eta=37,pHelmIvP:438:waypt_survey
34594337931.59013,vname=henry|behavior-name=waypt_survey|index=3|hits=3/3|cycles=0|dist=32|eta=35,pHelmIvP:440:waypt_survey
34594337931.78644,vname=henry|behavior-name=waypt_survey|index=3|hits=3/3|cycles=0|dist=32|eta=34,pHelmIvP:441:waypt_survey
34594337932.20081,vname=henry|behavior-name=waypt_survey|index=3|hits=3/3|cycles=0|dist=31|eta=33,pHelmIvP:443:waypt_survey
34594337932.60312,vname=henry|behavior-name=waypt_survey|index=3|hits=3/3|cycles=0|dist=31|eta=32,pHelmIvP:445:waypt_survey
34594337933.0114,vname=henry|behavior-name=waypt_survey|index=3|hits=3/3|cycles=0|dist=31|eta=31,pHelmIvP:447:waypt_survey
34594337933.37521,vname=henry|behavior-name=waypt_survey|index=3|hits=3/3|cycles=0|dist=30|eta=30,pHelmIvP:449:waypt_survey
34594337934.13961,vname=henry|behavior-name=waypt_survey|index=3|hits=3/3|cycles=0|dist=30|eta=29,pHelmIvP:453:waypt_survey
34594337934.315834,vname=henry|behavior-name=waypt_survey|index=3|hits=3/3|cycles=0|dist=30|eta=28,pHelmIvP:454:waypt_survey
34594337934.51884,vname=henry|behavior-name=waypt_survey|index=3|hits=3/3|cycles=0|dist=29|eta=27,pHelmIvP:455:waypt_survey
34594337934.92424,vname=henry|behavior-name=waypt_survey|index=3|hits=3/3|cycles=0|dist=29|eta=26,pHelmIvP:457:waypt_survey
34594337935.53756,vname=henry|behavior-name=waypt_survey|index=3|hits=3/3|cycles=0|dist=28|eta=25,pHelmIvP:460:waypt_survey
34594337936.14422,vname=henry|behavior-name=waypt_survey|index=3|hits=3/3|cycles=0|dist=28|eta=24,pHelmIvP:463:waypt_survey
34594337936.34198,vname=henry|behavior-name=waypt_survey|index=3|hits=3/3|cycles=0|dist=27|eta=23,pHelmIvP:464:waypt_survey
34594337936.72266,vname=henry|behavior-name=waypt_survey|index=3|hits=3/3|cycles=0|dist=27|eta=22,pHelmIvP:466:waypt_survey
34594337937.31694,vname=henry|behavior-name=waypt_survey|index=3|hits=3/3|cycles=0|dist=26|eta=21,pHelmIvP:469:waypt_survey
34594337937.700836,vname=henry|behavior-name=waypt_survey|index=3|hits=3/3|cycles=0|dist=26|eta=20,pHelmIvP:471:waypt_survey
34594337937.89523,vname=henry|behavior-name=waypt_survey|index=3|hits=3/3|cycles=0|dist=25|eta=20,pHelmIvP:472:waypt_survey
34594337938.093834,vname=henry|behavior-name=waypt_survey|index=3|hits=3/3|cycles=0|dist=25|eta=19,pHelmIvP:473:waypt_survey
34594337938.698875,vname=henry|behavior-name=waypt_survey|index=3|hits=3/3|cycles=0|dist=24|eta=19,pHelmIvP:476:waypt_survey
34594337939.080956,vname=henry|behavior-name=waypt_survey|index=3|hits=3/3|cycles=0|dist=24|eta=18,pHelmIvP:478:waypt_survey
34594337939.45604,vname=henry|behavior-name=waypt_survey|index=3|hits=3/3|cycles=0|dist=23|eta=18,pHelmIvP:480:waypt_survey
34594337939.64333,vname=henry|behavior-name=waypt_survey|index=3|hits=3/3|cycles=0|dist=23|eta=17,pHelmIvP:481:waypt_survey
34594337940.42617,vname=henry|behavior-name=waypt_survey|index=3|hits=3/3|cycles=0|dist=22|eta=17,pHelmIvP:485:waypt_survey
34594337941.01899,vname=henry|behavior-name=waypt_survey|index=3|hits=3/3|cycles=0|dist=22|eta=16,pHelmIvP:488:waypt_survey
34594337941.20802,vname=henry|behavior-name=waypt_survey|index=3|hits=3/3|cycles=0|dist=21|eta=16,pHelmIvP:489:waypt_survey
34594337941.60912,vname=henry|behavior-name=waypt_survey|index=3|hits=3/3|cycles=0|dist=21|eta=15,pHelmIvP:491:waypt_survey
34594337942.00368,vname=henry|behavior-name=waypt_survey|index=3|hits=3/3|cycles=0|dist=20|eta=15,pHelmIvP:493:waypt_survey
34594337942.6094,vname=henry|behavior-name=waypt_survey|index=3|hits=3/3|cycles=0|dist=19|eta=14,pHelmIvP:496:waypt_survey
34594337943.39046,vname=henry|behavior-name=waypt_survey|index=3|hits=3/3|cycles=0|dist=18|eta=14,pHelmIvP:500:waypt_survey
34594337944.176056,vname=henry|behavior-name=waypt_survey|index=3|hits=3/3|cycles=0|dist=17|eta=13,pHelmIvP:504:waypt_survey
34594337944.907845,vname=henry|behavior-name=waypt_survey|index=3|hits=3/3|cycles=0|dist=16|eta=13,pHelmIvP:508:waypt_survey
34594337945.27472,vname=henry|behavior-name=waypt_survey|index=3|hits=3/3|cycles=0|dist=16|eta=12,pHelmIvP:510:waypt_survey
34594337945.67908,vname=henry|behavior-name=waypt_survey|index=3|hits=3/3|cycles=0|dist=15|eta=12,pHelmIvP:512:waypt_survey
34594337946.50491,vname=henry|behavior-name=waypt_survey|index=3|hits=3/3|cycles=0|dist=14|eta=12,pHelmIvP:516:waypt_survey
34594337946.89728,vname=henry|behavior-name=waypt_survey|index=3|hits=3/3|cycles=0|dist=14|eta=11,pHelmIvP:518:waypt_survey
34594337947.292496,vname=henry|behavior-name=waypt_survey|index=3|hits=3/3|cycles=0|dist=13|eta=11,pHelmIvP:520:waypt_survey
34594337947.85273,vname=henry|behavior-name=waypt_survey|index=3|hits=3/3|cycles=0|dist=13|eta=10,pHelmIvP:523:waypt_survey
34594337948.18638,vname=henry|behavior-name=waypt_survey|index=3|hits=3/3|cycles=0|dist=12|eta=10,pHelmIvP:525:waypt_survey
34594337948.7771,vname=henry|behavior-name=waypt_survey|index=3|hits=3/3|cycles=0|dist=12|eta=9,pHelmIvP:528:waypt_survey
34594337948.94904,vname=henry|behavior-name=waypt_survey|index=3|hits=3/3|cycles=0|dist=11|eta=9,pHelmIvP:529:waypt_survey
34594337949.73996,vname=henry|behavior-name=waypt_survey|index=3|hits=3/3|cycles=0|dist=10|eta=8,pHelmIvP:533:waypt_survey
34594337950.48589,vname=henry|behavior-name=waypt_survey|index=3|hits=3/3|cycles=0|dist=9|eta=8,pHelmIvP:537:waypt_survey
34594337950.69202,vname=henry|behavior-name=waypt_survey|index=3|hits=3/3|cycles=0|dist=9|eta=7,pHelmIvP:538:waypt_survey
34594337951.26873,vname=henry|behavior-name=waypt_survey|index=3|hits=3/3|cycles=0|dist=8|eta=7,pHelmIvP:541:waypt_survey
34594337951.86863,vname=henry|behavior-name=waypt_survey|index=3|hits=3/3|cycles=0|dist=8|eta=6,pHelmIvP:544:waypt_survey
34594337952.068756,vname=henry|behavior-name=waypt_survey|index=3|hits=3/3|cycles=0|dist=7|eta=6,pHelmIvP:545:waypt_survey
34594337952.88868,vname=henry|behavior-name=waypt_survey|index=3|hits=3/3|cycles=0|dist=6|eta=5,pHelmIvP:549:waypt_survey
34594337953.841,vname=henry|behavior-name=waypt_survey|index=3|hits=3/3|cycles=0|dist=5|eta=4,pHelmIvP:554:waypt_survey
34594337954.66048,vname=henry|behavior-name=waypt_survey|index=3|hits=3/3|cycles=0|dist=4|eta=4,pHelmIvP:558:waypt_survey
34594337954.86129,vname=henry|behavior-name=waypt_survey|index=3|hits=3/3|cycles=0|dist=4|eta=3,pHelmIvP:559:waypt_survey
34594337955.641495,vname=henry|behavior-name=waypt_survey|index=3|hits=3/3|cycles=0|dist=3|eta=3,pHelmIvP:563:waypt_survey
34594337955.84672,vname=henry|behavior-name=waypt_survey|index=3|hits=3/3|cycles=0|dist=3|eta=2,pHelmIvP:564:waypt_survey
34594337956.43705,vname=henry|behavior-name=waypt_survey|index=3|hits=3/3|cycles=0|dist=2|eta=2,pHelmIvP:567:waypt_survey
34594337956.79564,vname=henry|behavior-name=waypt_survey|index=4|hits=4/4|cycles=0|dist=39|eta=32,pHelmIvP:569:waypt_survey
34594337957.38904,vname=henry|behavior-name=waypt_survey|index=4|hits=4/4|cycles=0|dist=39|eta=34,pHelmIvP:572:waypt_survey
34594337957.593254,vname=henry|behavior-name=waypt_survey|index=4|hits=4/4|cycles=0|dist=39|eta=37,pHelmIvP:573:waypt_survey
34594337958.006256,vname=henry|behavior-name=waypt_survey|index=4|hits=4/4|cycles=0|dist=38|eta=40,pHelmIvP:575:waypt_survey
34594337958.18078,vname=henry|behavior-name=waypt_survey|index=4|hits=4/4|cycles=0|dist=38|eta=42,pHelmIvP:576:waypt_survey
34594337958.584076,vname=henry|behavior-name=waypt_survey|index=4|hits=4/4|cycles=0|dist=38|eta=45,pHelmIvP:578:waypt_survey
34594337958.92116,vname=henry|behavior-name=waypt_survey|index=4|hits=4/4|cycles=0|dist=38|eta=44,pHelmIvP:580:waypt_survey
34594337959.33448,vname=henry|behavior-name=waypt_survey|index=4|hits=4/4|cycles=0|dist=38|eta=45,pHelmIvP:582:waypt_survey
34594337959.5402,vname=henry|behavior-name=waypt_survey|index=4|hits=4/4|cycles=0|dist=38|eta=44,pHelmIvP:583:waypt_survey
34594337959.72644,vname=henry|behavior-name=waypt_survey|index=4|hits=4/4|cycles=0|dist=37|eta=43,pHelmIvP:584:waypt_survey
34594337959.91414,vname=henry|behavior-name=waypt_survey|index=4|hits=4/4|cycles=0|dist=37|eta=41,pHelmIvP:585:waypt_survey
34594337960.289444,vname=henry|behavior-name=waypt_survey|index=4|hits=4/4|cycles=0|dist=37|eta=40,pHelmIvP:587:waypt_survey
34594337960.67698,vname=henry|behavior-name=waypt_survey|index=4|hits=4/4|cycles=0|dist=37|eta=39,pHelmIvP:589:waypt_survey
34594337961.08958,vname=henry|behavior-name=waypt_survey|index=4|hits=4/4|cycles=0|dist=36|eta=38,pHelmIvP:591:waypt_survey
34594337961.28405,vname=henry|behavior-name=waypt_survey|index=4|hits=4/4|cycles=0|dist=36|eta=37,pHelmIvP:592:waypt_survey
34594337961.696335,vname=henry|behavior-name=waypt_survey|index=4|hits=4/4|cycles=0|dist=36|eta=36,pHelmIvP:594:waypt_survey
34594337961.90442,vname=henry|behavior-name=waypt_survey|index=4|hits=4/4|cycles=0|dist=36|eta=35,pHelmIvP:595:waypt_survey
34594337962.10968,vname=henry|behavior-name=waypt_survey|index=4|hits=4/4|cycles=0|dist=36|eta=34,pHelmIvP:596:waypt_survey
34594337962.31691,vname=henry|behavior-name=waypt_survey|index=4|hits=4/4|cycles=0|dist=35|eta=33,pHelmIvP:597:waypt_survey
34594337962.70894,vname=henry|behavior-name=waypt_survey|index=4|hits=4/4|cycles=0|dist=35|eta=32,pHelmIvP:599:waypt_survey
34594337962.91483,vname=henry|behavior-name=waypt_survey|index=4|hits=4/4|cycles=0|dist=35|eta=31,pHelmIvP:600:waypt_survey
34594337963.11911,vname=henry|behavior-name=waypt_survey|index=4|hits=4/4|cycles=0|dist=34|eta=30,pHelmIvP:601:waypt_survey
34594337963.47378,vname=henry|behavior-name=waypt_survey|index=4|hits=4/4|cycles=0|dist=34|eta=29,pHelmIvP:603:waypt_survey
34594337963.876274,vname=henry|behavior-name=waypt_survey|index=4|hits=4/4|cycles=0|dist=34|eta=28,pHelmIvP:605:waypt_survey
34594337964.08287,vname=henry|behavior-name=waypt_survey|index=4|hits=4/4|cycles=0|dist=33|eta=28,pHelmIvP:606:waypt_survey
34594337964.287735,vname=henry|behavior-name=waypt_survey|index=4|hits=4/4|cycles=0|dist=33|eta=27,pHelmIvP:607:waypt_survey
34594337964.67138,vname=henry|behavior-name=waypt_survey|index=4|hits=4/4|cycles=0|dist=33|eta=26,pHelmIvP:609:waypt_survey
34594337964.85402,vname=henry|behavior-name=waypt_survey|index=4|hits=4/4|cycles=0|dist=32|eta=26,pHelmIvP:610:waypt_survey
34594337965.27599,vname=henry|behavior-name=waypt_survey|index=4|hits=4/4|cycles=0|dist=32|eta=25,pHelmIvP:612:waypt_survey
34594337965.836655,vname=henry|behavior-name=waypt_survey|index=4|hits=4/4|cycles=0|dist=31|eta=24,pHelmIvP:615:waypt_survey
34594337966.25358,vname=henry|behavior-name=waypt_survey|index=4|hits=4/4|cycles=0|dist=31|eta=23,pHelmIvP:617:waypt_survey
34594337966.64864,vname=henry|behavior-name=waypt_survey|index=4|hits=4/4|cycles=0|dist=30|eta=23,pHelmIvP:619:waypt_survey
34594337967.06036,vname=henry|behavior-name=waypt_survey|index=4|hits=4/4|cycles=0|dist=30|eta=22,pHelmIvP:621:waypt_survey
34594337967.46505,vname=henry|behavior-name=waypt_survey|index=4|hits=4/4|cycles=0|dist=29|eta=22,pHelmIvP:623:waypt_survey
34594337967.83832,vname=henry|behavior-name=waypt_survey|index=4|hits=4/4|cycles=0|dist=29|eta=21,pHelmIvP:625:waypt_survey
34594337968.05415,vname=henry|behavior-name=waypt_survey|index=4|hits=4/4|cycles=0|dist=28|eta=21,pHelmIvP:626:waypt_survey
34594337968.83213,vname=henry|behavior-name=waypt_survey|index=4|hits=4/4|cycles=0|dist=27|eta=20,pHelmIvP:630:waypt_survey
34594337969.41228,vname=henry|behavior-name=waypt_survey|index=4|hits=4/4|cycles=0|dist=26|eta=20,pHelmIvP:633:waypt_survey
34594337969.6119,vname=henry|behavior-name=waypt_survey|index=4|hits=4/4|cycles=0|dist=26|eta=19,pHelmIvP:634:waypt_survey
34594337970.23262,vname=henry|behavior-name=waypt_survey|index=4|hits=4/4|cycles=0|dist=25|eta=19,pHelmIvP:637:waypt_survey
34594337970.62693,vname=henry|behavior-name=waypt_survey|index=4|hits=4/4|cycles=0|dist=25|eta=18,pHelmIvP:639:waypt_survey
34594337971.03732,vname=henry|behavior-name=waypt_survey|index=4|hits=4/4|cycles=0|dist=24|eta=18,pHelmIvP:641:waypt_survey
34594337971.83516,vname=henry|behavior-name=waypt_survey|index=4|hits=4/4|cycles=0|dist=23|eta=18,pHelmIvP:645:waypt_survey
34594337972.24042,vname=henry|behavior-name=waypt_survey|index=4|hits=4/4|cycles=0|dist=23|eta=17,pHelmIvP:647:waypt_survey
34594337972.60534,vname=henry|behavior-name=waypt_survey|index=4|hits=4/4|cycles=0|dist=22|eta=17,pHelmIvP:649:waypt_survey
34594337973.37748,vname=henry|behavior-name=waypt_survey|index=4|hits=4/4|cycles=0|dist=21|eta=17,pHelmIvP:653:waypt_survey
34594337973.91954,vname=henry|behavior-name=waypt_survey|index=4|hits=4/4|cycles=0|dist=21|eta=16,pHelmIvP:656:waypt_survey
34594337974.12695,vname=henry|behavior-name=waypt_survey|index=4|hits=4/4|cycles=0|dist=20|eta=16,pHelmIvP:657:waypt_survey
34594337974.91456,vname=henry|behavior-name=waypt_survey|index=4|hits=4/4|cycles=0|dist=19|eta=16,pHelmIvP:661:waypt_survey
34594337975.53574,vname=henry|behavior-name=waypt_survey|index=4|hits=4/4|cycles=0|dist=19|eta=15,pHelmIvP:664:waypt_survey
34594337975.74164,vname=henry|behavior-name=waypt_survey|index=4|hits=4/4|cycles=0|dist=18|eta=15,pHelmIvP:665:waypt_survey
34594337976.45778,vname=henry|behavior-name=waypt_survey|index=4|hits=4/4|cycles=0|dist=18|eta=14,pHelmIvP:669:waypt_survey
34594337976.66552,vname=henry|behavior-name=waypt_survey|index=4|hits=4/4|cycles=0|dist=17|eta=14,pHelmIvP:670:waypt_survey
34594337977.26072,vname=henry|behavior-name=waypt_survey|index=4|hits=4/4|cycles=0|dist=16|eta=13,pHelmIvP:673:waypt_survey
34594337978.40078,vname=henry|behavior-name=waypt_survey|index=4|hits=4/4|cycles=0|dist=15|eta=12,pHelmIvP:679:waypt_survey
34594337978.98366,vname=henry|behavior-name=waypt_survey|index=4|hits=4/4|cycles=0|dist=14|eta=12,pHelmIvP:682:waypt_survey
34594337979.20567,vname=henry|behavior-name=waypt_survey|index=4|hits=4/4|cycles=0|dist=14|eta=11,pHelmIvP:683:waypt_survey
34594337979.769455,vname=henry|behavior-name=waypt_survey|index=4|hits=4/4|cycles=0|dist=13|eta=11,pHelmIvP:686:waypt_survey
34594337980.17577,vname=henry|behavior-name=waypt_survey|index=4|hits=4/4|cycles=0|dist=13|eta=10,pHelmIvP:688:waypt_survey
34594337980.753334,vname=henry|behavior-name=waypt_survey|index=4|hits=4/4|cycles=0|dist=12|eta=10,pHelmIvP:691:waypt_survey
34594337981.3156,vname=henry|behavior-name=waypt_survey|index=4|hits=4/4|cycles=0|dist=12|eta=9,pHelmIvP:694:waypt_survey
34594337981.50695,vname=henry|behavior-name=waypt_survey|index=4|hits=4/4|cycles=0|dist=11|eta=9,pHelmIvP:695:waypt_survey
34594337982.107956,vname=henry|behavior-name=waypt_survey|index=4|hits=4/4|cycles=0|dist=10|eta=8,pHelmIvP:698:waypt_survey
34594337983.29806,vname=henry|behavior-name=waypt_survey|index=4|hits=4/4|cycles=0|dist=9|eta=8,pHelmIvP:704:waypt_survey
34594337983.474434,vname=henry|behavior-name=waypt_survey|index=4|hits=4/4|cycles=0|dist=9|eta=7,pHelmIvP:705:waypt_survey
34594337983.884056,vname=henry|behavior-name=waypt_survey|index=4|hits=4/4|cycles=0|dist=8|eta=7,pHelmIvP:707:waypt_survey
34594337984.49466,vname=henry|behavior-name=waypt_survey|index=4|hits=4/4|cycles=0|dist=8|eta=6,pHelmIvP:710:waypt_survey
34594337984.8855,vname=henry|behavior-name=waypt_survey|index=4|hits=4/4|cycles=0|dist=7|eta=6,pHelmIvP:712:waypt_survey
34594337985.468834,vname=henry|behavior-name=waypt_survey|index=4|hits=4/4|cycles=0|dist=6|eta=5,pHelmIvP:715:waypt_survey
34594337986.49413,vname=henry|behavior-name=waypt_survey|index=4|hits=4/4|cycles=0|dist=5|eta=4,pHelmIvP:720:waypt_survey
34594337987.09888,vname=henry|behavior-name=waypt_survey|index=4|hits=4/4|cycles=0|dist=4|eta=4,pHelmIvP:723:waypt_survey
34594337987.29147,vname=henry|behavior-name=waypt_survey|index=4|hits=4/4|cycles=0|dist=4|eta=3,pHelmIvP:724:waypt_survey
34594337988.03138,vname=henry|behavior-name=waypt_survey|index=4|hits=4/4|cycles=0|dist=3|eta=3,pHelmIvP:728:waypt_survey
34594337988.435074,vname=henry|behavior-name=waypt_survey|index=4|hits=4/4|cycles=0|dist=3|eta=2,pHelmIvP:730:waypt_survey
34594337988.8509,vname=henry|behavior-name=waypt_survey|index=4|hits=4/4|cycles=0|dist=2|eta=2,pHelmIvP:732:waypt_survey
34594337989.03056,behavior-name=waypt_survey|cycled,pHelmIvP:733:waypt_survey
34594337989.03093,vname=henry|behavior-name=waypt_survey|index=0|hits=5/5|cycles=1|dist=37|eta=30,pHelmIvP:733:waypt_survey
34594337989.39676,vname=henry|behavior-name=waypt_survey|index=0|hits=5/5|cycles=1|dist=37|eta=31,pHelmIvP:735:waypt_survey
34594337989.5896,vname=henry|behavior-name=waypt_survey|index=0|hits=5/5|cycles=1|dist=37|eta=33,pHelmIvP:736:waypt_survey
34594337989.78412,vname=henry|behavior-name=waypt_survey|index=0|hits=5/5|cycles=1|dist=37|eta=35,pHelmIvP:737:waypt_survey
34594337989.78412,vname=henry|behavior-name=waypt_survey|index=0|hits=5/5|cycles=1|dist=37|eta=35,pHelmIvP:737:waypt_survey
34594337990.18927,vname=henry|behavior-name=waypt_survey|index=0|hits=5/5|cycles=1|dist=37|eta=37,pHelmIvP:739:waypt_survey
34594337990.3754,vname=henry|behavior-name=waypt_survey|index=0|hits=5/5|cycles=1|dist=37|eta=39,pHelmIvP:740:waypt_survey
34594337990.58468,vname=henry|behavior-name=waypt_survey|index=0|hits=5/5|cycles=1|dist=37|eta=42,pHelmIvP:741:waypt_survey
34594337990.768936,vname=henry|behavior-name=waypt_survey|index=0|hits=5/5|cycles=1|dist=37|eta=45,pHelmIvP:742:waypt_survey
34594337991.16334,vname=henry|behavior-name=waypt_survey|index=0|hits=5/5|cycles=1|dist=37|eta=49,pHelmIvP:744:waypt_survey
34594337991.36368,vname=henry|behavior-name=waypt_survey|index=0|hits=5/5|cycles=1|dist=36|eta=49,pHelmIvP:745:waypt_survey
34594337991.56842,vname=henry|behavior-name=waypt_survey|index=0|hits=5/5|cycles=1|dist=36|eta=50,pHelmIvP:746:waypt_survey
34594337991.76574,vname=henry|behavior-name=waypt_survey|index=0|hits=5/5|cycles=1|dist=36|eta=48,pHelmIvP:747:waypt_survey
34594337992.17759,vname=henry|behavior-name=waypt_survey|index=0|hits=5/5|cycles=1|dist=36|eta=46,pHelmIvP:749:waypt_survey
34594337992.354454,vname=henry|behavior-name=waypt_survey|index=0|hits=5/5|cycles=1|dist=36|eta=45,pHelmIvP:750:waypt_survey
34594337992.546684,vname=henry|behavior-name=waypt_survey|index=0|hits=5/5|cycles=1|dist=36|eta=44,pHelmIvP:751:waypt_survey
34594337992.75558,vname=henry|behavior-name=waypt_survey|index=0|hits=5/5|cycles=1|dist=36|eta=43,pHelmIvP:752:waypt_survey
34594337993.14458,vname=henry|behavior-name=waypt_survey|index=0|hits=5/5|cycles=1|dist=36|eta=41,pHelmIvP:754:waypt_survey
34594337993.34768,vname=henry|behavior-name=waypt_survey|index=0|hits=5/5|cycles=1|dist=35|eta=40,pHelmIvP:755:waypt_survey
34594337993.55217,vname=henry|behavior-name=waypt_survey|index=0|hits=5/5|cycles=1|dist=35|eta=39,pHelmIvP:756:waypt_survey
34594337993.968216,vname=henry|behavior-name=waypt_survey|index=0|hits=5/5|cycles=1|dist=35|eta=38,pHelmIvP:758:waypt_survey
34594337994.33001,vname=henry|behavior-name=waypt_survey|index=0|hits=5/5|cycles=1|dist=35|eta=37,pHelmIvP:760:waypt_survey
34594337994.52746,vname=henry|behavior-name=waypt_survey|index=0|hits=5/5|cycles=1|dist=35|eta=36,pHelmIvP:761:waypt_survey
34594337994.91927,vname=henry|behavior-name=waypt_survey|index=0|hits=5/5|cycles=1|dist=34|eta=35,pHelmIvP:763:waypt_survey
34594337995.112236,vname=henry|behavior-name=waypt_survey|index=0|hits=5/5|cycles=1|dist=34|eta=34,pHelmIvP:764:waypt_survey
34594337995.29226,vname=henry|behavior-name=waypt_survey|index=0|hits=5/5|cycles=1|dist=34|eta=33,pHelmIvP:765:waypt_survey
34594337995.5332,vname=henry|behavior-name=waypt_survey|index=0|hits=5/5|cycles=1|dist=34|eta=32,pHelmIvP:766:waypt_survey
34594337995.66344,vname=henry|behavior-name=waypt_survey|index=0|hits=5/5|cycles=1|dist=33|eta=31,pHelmIvP:767:waypt_survey
34594337995.86948,vname=henry|behavior-name=waypt_survey|index=0|hits=5/5|cycles=1|dist=33|eta=30,pHelmIvP:768:waypt_survey
34594337996.24662,vname=henry|behavior-name=waypt_survey|index=0|hits=5/5|cycles=1|dist=33|eta=29,pHelmIvP:770:waypt_survey
34594337996.42348,vname=henry|behavior-name=waypt_survey|index=0|hits=5/5|cycles=1|dist=33|eta=28,pHelmIvP:771:waypt_survey
34594337996.79763,vname=henry|behavior-name=waypt_survey|index=0|hits=5/5|cycles=1|dist=32|eta=27,pHelmIvP:773:waypt_survey
34594337997.1792,vname=henry|behavior-name=waypt_survey|index=0|hits=5/5|cycles=1|dist=32|eta=26,pHelmIvP:775:waypt_survey
34594337997.36278,vname=henry|behavior-name=waypt_survey|index=0|hits=5/5|cycles=1|dist=32|eta=25,pHelmIvP:776:waypt_survey
34594337997.76564,vname=henry|behavior-name=waypt_survey|index=0|hits=5/5|cycles=1|dist=31|eta=24,pHelmIvP:778:waypt_survey
34594337998.174614,vname=henry|behavior-name=waypt_survey|index=0|hits=5/5|cycles=1|dist=31|eta=23,pHelmIvP:780:waypt_survey
34594337998.546135,vname=henry|behavior-name=waypt_survey|index=0|hits=5/5|cycles=1|dist=30|eta=23,pHelmIvP:782:waypt_survey
34594337998.74427,vname=henry|behavior-name=waypt_survey|index=0|hits=5/5|cycles=1|dist=30|eta=22,pHelmIvP:783:waypt_survey
34594337999.13856,vname=henry|behavior-name=waypt_survey|index=0|hits=5/5|cycles=1|dist=29|eta=22,pHelmIvP:785:waypt_survey
34594337999.51992,vname=henry|behavior-name=waypt_survey|index=0|hits=5/5|cycles=1|dist=29|eta=21,pHelmIvP:787:waypt_survey
34594337999.91729,vname=henry|behavior-name=waypt_survey|index=0|hits=5/5|cycles=1|dist=28|eta=20,pHelmIvP:789:waypt_survey
34594338000.86854,vname=henry|behavior-name=waypt_survey|index=0|hits=5/5|cycles=1|dist=27|eta=19,pHelmIvP:792:waypt_survey
34594338001.2809,vname=henry|behavior-name=waypt_survey|index=0|hits=5/5|cycles=1|dist=26|eta=19,pHelmIvP:794:waypt_survey
34594338001.49016,vname=henry|behavior-name=waypt_survey|index=0|hits=5/5|cycles=1|dist=26|eta=18,pHelmIvP:795:waypt_survey
34594338002.06418,vname=henry|behavior-name=waypt_survey|index=0|hits=5/5|cycles=1|dist=25|eta=18,pHelmIvP:798:waypt_survey
34594338002.64766,vname=henry|behavior-name=waypt_survey|index=0|hits=5/5|cycles=1|dist=24|eta=17,pHelmIvP:801:waypt_survey
34594338003.47002,vname=henry|behavior-name=waypt_survey|index=0|hits=5/5|cycles=1|dist=23|eta=17,pHelmIvP:805:waypt_survey
34594338003.87642,vname=henry|behavior-name=waypt_survey|index=0|hits=5/5|cycles=1|dist=23|eta=16,pHelmIvP:807:waypt_survey
34594338004.243256,vname=henry|behavior-name=waypt_survey|index=0|hits=5/5|cycles=1|dist=22|eta=16,pHelmIvP:809:waypt_survey
34594338005.06296,vname=henry|behavior-name=waypt_survey|index=0|hits=5/5|cycles=1|dist=21|eta=16,pHelmIvP:813:waypt_survey
34594338005.85084,vname=henry|behavior-name=waypt_survey|index=0|hits=5/5|cycles=1|dist=20|eta=16,pHelmIvP:817:waypt_survey
34594338006.05415,vname=henry|behavior-name=waypt_survey|index=0|hits=5/5|cycles=1|dist=20|eta=15,pHelmIvP:818:waypt_survey
34594338006.66275,vname=henry|behavior-name=waypt_survey|index=0|hits=5/5|cycles=1|dist=19|eta=15,pHelmIvP:821:waypt_survey
34594338007.2472,vname=henry|behavior-name=waypt_survey|index=0|hits=5/5|cycles=1|dist=18|eta=15,pHelmIvP:824:waypt_survey
34594338007.8239,vname=henry|behavior-name=waypt_survey|index=0|hits=5/5|cycles=1|dist=18|eta=14,pHelmIvP:827:waypt_survey
34594338008.20496,vname=henry|behavior-name=waypt_survey|index=0|hits=5/5|cycles=1|dist=17|eta=14,pHelmIvP:829:waypt_survey
34594338008.760284,vname=henry|behavior-name=waypt_survey|index=0|hits=5/5|cycles=1|dist=17|eta=13,pHelmIvP:832:waypt_survey
34594338008.96908,vname=henry|behavior-name=waypt_survey|index=0|hits=5/5|cycles=1|dist=16|eta=13,pHelmIvP:833:waypt_survey
34594338009.55339,vname=henry|behavior-name=waypt_survey|index=0|hits=5/5|cycles=1|dist=15|eta=12,pHelmIvP:836:waypt_survey
34594338010.56139,vname=henry|behavior-name=waypt_survey|index=0|hits=5/5|cycles=1|dist=14|eta=11,pHelmIvP:841:waypt_survey
34594338011.35622,vname=henry|behavior-name=waypt_survey|index=0|hits=5/5|cycles=1|dist=13|eta=11,pHelmIvP:845:waypt_survey
34594338011.56147,vname=henry|behavior-name=waypt_survey|index=0|hits=5/5|cycles=1|dist=13|eta=10,pHelmIvP:846:waypt_survey
34594338011.95298,vname=henry|behavior-name=waypt_survey|index=0|hits=5/5|cycles=1|dist=12|eta=10,pHelmIvP:848:waypt_survey
34594338012.55341,vname=henry|behavior-name=waypt_survey|index=0|hits=5/5|cycles=1|dist=12|eta=9,pHelmIvP:851:waypt_survey
34594338012.74776,vname=henry|behavior-name=waypt_survey|index=0|hits=5/5|cycles=1|dist=11|eta=9,pHelmIvP:852:waypt_survey
34594338013.73721,vname=henry|behavior-name=waypt_survey|index=0|hits=5/5|cycles=1|dist=10|eta=8,pHelmIvP:857:waypt_survey
34594338014.55024,vname=henry|behavior-name=waypt_survey|index=0|hits=5/5|cycles=1|dist=9|eta=8,pHelmIvP:861:waypt_survey
34594338014.75242,vname=henry|behavior-name=waypt_survey|index=0|hits=5/5|cycles=1|dist=9|eta=7,pHelmIvP:862:waypt_survey
34594338015.28994,vname=henry|behavior-name=waypt_survey|index=0|hits=5/5|cycles=1|dist=8|eta=7,pHelmIvP:865:waypt_survey
34594338015.6895,vname=henry|behavior-name=waypt_survey|index=0|hits=5/5|cycles=1|dist=8|eta=6,pHelmIvP:867:waypt_survey
34594338016.26626,vname=henry|behavior-name=waypt_survey|index=0|hits=5/5|cycles=1|dist=7|eta=6,pHelmIvP:870:waypt_survey
34594338016.68,vname=henry|behavior-name=waypt_survey|index=0|hits=5/5|cycles=1|dist=7|eta=5,pHelmIvP:872:waypt_survey
34594338016.88318,vname=henry|behavior-name=waypt_survey|index=0|hits=5/5|cycles=1|dist=6|eta=5,pHelmIvP:873:waypt_survey
34594338017.876114,vname=henry|behavior-name=waypt_survey|index=0|hits=5/5|cycles=1|dist=5|eta=4,pHelmIvP:878:waypt_survey
34594338018.46418,vname=henry|behavior-name=waypt_survey|index=0|hits=5/5|cycles=1|dist=4|eta=4,pHelmIvP:881:waypt_survey
34594338018.66962,vname=henry|behavior-name=waypt_survey|index=0|hits=5/5|cycles=1|dist=4|eta=3,pHelmIvP:882:waypt_survey
34594338019.61818,vname=henry|behavior-name=waypt_survey|index=0|hits=5/5|cycles=1|dist=3|eta=3,pHelmIvP:887:waypt_survey
34594338019.82522,vname=henry|behavior-name=waypt_survey|index=0|hits=5/5|cycles=1|dist=3|eta=2,pHelmIvP:888:waypt_survey
34594338020.24006,vname=henry|behavior-name=waypt_survey|index=0|hits=5/5|cycles=1|dist=2|eta=2,pHelmIvP:890:waypt_survey
34594338020.64227,vname=henry|behavior-name=waypt_survey|index=1|hits=6/6|cycles=1|dist=27|eta=22,pHelmIvP:892:waypt_survey
34594338021.20778,vname=henry|behavior-name=waypt_survey|index=1|hits=6/6|cycles=1|dist=27|eta=23,pHelmIvP:895:waypt_survey
34594338021.605385,vname=henry|behavior-name=waypt_survey|index=1|hits=6/6|cycles=1|dist=26|eta=26,pHelmIvP:897:waypt_survey
34594338021.785324,vname=henry|behavior-name=waypt_survey|index=1|hits=6/6|cycles=1|dist=26|eta=27,pHelmIvP:898:waypt_survey
34594338022.17363,vname=henry|behavior-name=waypt_survey|index=1|hits=6/6|cycles=1|dist=26|eta=29,pHelmIvP:900:waypt_survey
34594338022.34063,vname=henry|behavior-name=waypt_survey|index=1|hits=6/6|cycles=1|dist=26|eta=31,pHelmIvP:901:waypt_survey
34594338022.7559,vname=henry|behavior-name=waypt_survey|index=1|hits=6/6|cycles=1|dist=26|eta=30,pHelmIvP:903:waypt_survey
34594338022.94162,vname=henry|behavior-name=waypt_survey|index=1|hits=6/6|cycles=1|dist=26|eta=31,pHelmIvP:904:waypt_survey
34594338023.50136,vname=henry|behavior-name=waypt_survey|index=1|hits=6/6|cycles=1|dist=25|eta=31,pHelmIvP:907:waypt_survey
34594338023.7178,vname=henry|behavior-name=waypt_survey|index=1|hits=6/6|cycles=1|dist=25|eta=29,pHelmIvP:908:waypt_survey
34594338024.121864,vname=henry|behavior-name=waypt_survey|index=1|hits=6/6|cycles=1|dist=25|eta=28,pHelmIvP:910:waypt_survey
34594338024.52144,vname=henry|behavior-name=waypt_survey|index=1|hits=6/6|cycles=1|dist=25|eta=27,pHelmIvP:912:waypt_survey
34594338024.71698,vname=henry|behavior-name=waypt_survey|index=1|hits=6/6|cycles=1|dist=25|eta=26,pHelmIvP:913:waypt_survey
34594338024.92067,vname=henry|behavior-name=waypt_survey|index=1|hits=6/6|cycles=1|dist=24|eta=25,pHelmIvP:914:waypt_survey
34594338025.69548,vname=henry|behavior-name=waypt_survey|index=1|hits=6/6|cycles=1|dist=24|eta=24,pHelmIvP:918:waypt_survey
34594338025.96701,vname=henry|behavior-name=waypt_survey|index=1|hits=6/6|cycles=1|dist=24|eta=23,pHelmIvP:919:waypt_survey
34594338026.13254,vname=henry|behavior-name=waypt_survey|index=1|hits=6/6|cycles=1|dist=23|eta=22,pHelmIvP:920:waypt_survey
34594338026.526596,vname=henry|behavior-name=waypt_survey|index=1|hits=6/6|cycles=1|dist=23|eta=21,pHelmIvP:922:waypt_survey
34594338026.93193,vname=henry|behavior-name=waypt_survey|index=1|hits=6/6|cycles=1|dist=23|eta=20,pHelmIvP:924:waypt_survey
34594338027.13847,vname=henry|behavior-name=waypt_survey|index=1|hits=6/6|cycles=1|dist=22|eta=20,pHelmIvP:925:waypt_survey
34594338027.55309,vname=henry|behavior-name=waypt_survey|index=1|hits=6/6|cycles=1|dist=22|eta=19,pHelmIvP:927:waypt_survey
34594338027.965996,vname=henry|behavior-name=waypt_survey|index=1|hits=6/6|cycles=1|dist=22|eta=18,pHelmIvP:929:waypt_survey
34594338028.17418,vname=henry|behavior-name=waypt_survey|index=1|hits=6/6|cycles=1|dist=21|eta=18,pHelmIvP:930:waypt_survey
34594338028.365776,vname=henry|behavior-name=waypt_survey|index=1|hits=6/6|cycles=1|dist=21|eta=17,pHelmIvP:931:waypt_survey
34594338028.75993,vname=henry|behavior-name=waypt_survey|index=1|hits=6/6|cycles=1|dist=20|eta=16,pHelmIvP:933:waypt_survey
34594338029.5412,vname=henry|behavior-name=waypt_survey|index=1|hits=6/6|cycles=1|dist=19|eta=15,pHelmIvP:937:waypt_survey
34594338030.14744,vname=henry|behavior-name=waypt_survey|index=1|hits=6/6|cycles=1|dist=19|eta=14,pHelmIvP:940:waypt_survey
34594338030.34483,vname=henry|behavior-name=waypt_survey|index=1|hits=6/6|cycles=1|dist=18|eta=14,pHelmIvP:941:waypt_survey
34594338030.97304,vname=henry|behavior-name=waypt_survey|index=1|hits=6/6|cycles=1|dist=18|eta=13,pHelmIvP:944:waypt_survey
34594338031.16006,vname=henry|behavior-name=waypt_survey|index=1|hits=6/6|cycles=1|dist=17|eta=13,pHelmIvP:945:waypt_survey
34594338031.53534,vname=henry|behavior-name=waypt_survey|index=1|hits=6/6|cycles=1|dist=17|eta=12,pHelmIvP:947:waypt_survey
34594338032.11689,vname=henry|behavior-name=waypt_survey|index=1|hits=6/6|cycles=1|dist=16|eta=12,pHelmIvP:950:waypt_survey
34594338032.52376,vname=henry|behavior-name=waypt_survey|index=1|hits=6/6|cycles=1|dist=16|eta=11,pHelmIvP:952:waypt_survey
34594338032.730225,vname=henry|behavior-name=waypt_survey|index=1|hits=6/6|cycles=1|dist=15|eta=11,pHelmIvP:953:waypt_survey
34594338033.48336,vname=henry|behavior-name=waypt_survey|index=1|hits=6/6|cycles=1|dist=14|eta=10,pHelmIvP:957:waypt_survey
34594338034.28397,vname=henry|behavior-name=waypt_survey|index=1|hits=6/6|cycles=1|dist=13|eta=10,pHelmIvP:961:waypt_survey
34594338034.661194,vname=henry|behavior-name=waypt_survey|index=1|hits=6/6|cycles=1|dist=13|eta=9,pHelmIvP:963:waypt_survey
34594338035.07153,vname=henry|behavior-name=waypt_survey|index=1|hits=6/6|cycles=1|dist=12|eta=9,pHelmIvP:965:waypt_survey
34594338035.65229,vname=henry|behavior-name=waypt_survey|index=1|hits=6/6|cycles=1|dist=11|eta=9,pHelmIvP:968:waypt_survey
34594338036.065094,vname=henry|behavior-name=waypt_survey|index=1|hits=6/6|cycles=1|dist=11|eta=8,pHelmIvP:970:waypt_survey
34594338036.480576,vname=henry|behavior-name=waypt_survey|index=1|hits=6/6|cycles=1|dist=10|eta=8,pHelmIvP:972:waypt_survey
34594338037.26082,vname=henry|behavior-name=waypt_survey|index=1|hits=6/6|cycles=1|dist=9|eta=7,pHelmIvP:976:waypt_survey
34594338038.07417,vname=henry|behavior-name=waypt_survey|index=1|hits=6/6|cycles=1|dist=8|eta=7,pHelmIvP:980:waypt_survey
34594338038.46701,vname=henry|behavior-name=waypt_survey|index=1|hits=6/6|cycles=1|dist=8|eta=6,pHelmIvP:982:waypt_survey
34594338038.847374,vname=henry|behavior-name=waypt_survey|index=1|hits=6/6|cycles=1|dist=7|eta=6,pHelmIvP:984:waypt_survey
34594338039.0537,vname=henry|behavior-name=waypt_survey|index=1|hits=6/6|cycles=1|dist=7|eta=5,pHelmIvP:985:waypt_survey
34594338039.63376,vname=henry|behavior-name=waypt_survey|index=1|hits=6/6|cycles=1|dist=6|eta=5,pHelmIvP:988:waypt_survey
34594338040.43251,vname=henry|behavior-name=waypt_survey|index=1|hits=6/6|cycles=1|dist=5|eta=4,pHelmIvP:992:waypt_survey
34594338041.22015,vname=henry|behavior-name=waypt_survey|index=1|hits=6/6|cycles=1|dist=4|eta=3,pHelmIvP:996:waypt_survey
34594338042.03307,vname=henry|behavior-name=waypt_survey|index=1|hits=6/6|cycles=1|dist=3|eta=3,pHelmIvP:1000:waypt_survey
34594338042.21793,vname=henry|behavior-name=waypt_survey|index=1|hits=6/6|cycles=1|dist=3|eta=2,pHelmIvP:1001:waypt_survey
34594338042.80724,vname=henry|behavior-name=waypt_survey|index=1|hits=6/6|cycles=1|dist=2|eta=2,pHelmIvP:1004:waypt_survey
34594338043.197945,vname=henry|behavior-name=waypt_survey|index=2|hits=7/7|cycles=1|dist=22|eta=18,pHelmIvP:1006:waypt_survey
34594338044.18565,vname=henry|behavior-name=waypt_survey|index=2|hits=7/7|cycles=1|dist=21|eta=18,pHelmIvP:1011:waypt_survey
34594338044.384674,vname=henry|behavior-name=waypt_survey|index=2|hits=7/7|cycles=1|dist=21|eta=19,pHelmIvP:1012:waypt_survey
34594338044.59803,vname=henry|behavior-name=waypt_survey|index=2|hits=7/7|cycles=1|dist=21|eta=21,pHelmIvP:1013:waypt_survey
34594338044.98621,vname=henry|behavior-name=waypt_survey|index=2|hits=7/7|cycles=1|dist=20|eta=21,pHelmIvP:1015:waypt_survey
34594338045.37767,vname=henry|behavior-name=waypt_survey|index=2|hits=7/7|cycles=1|dist=20|eta=20,pHelmIvP:1017:waypt_survey
34594338045.754684,vname=henry|behavior-name=waypt_survey|index=2|hits=7/7|cycles=1|dist=20|eta=19,pHelmIvP:1019:waypt_survey
34594338046.128525,vname=henry|behavior-name=waypt_survey|index=2|hits=7/7|cycles=1|dist=19|eta=18,pHelmIvP:1021:waypt_survey
34594338046.48613,vname=henry|behavior-name=waypt_survey|index=2|hits=7/7|cycles=1|dist=19|eta=17,pHelmIvP:1023:waypt_survey
34594338047.09598,vname=henry|behavior-name=waypt_survey|index=2|hits=7/7|cycles=1|dist=19|eta=16,pHelmIvP:1026:waypt_survey
34594338047.30059,vname=henry|behavior-name=waypt_survey|index=2|hits=7/7|cycles=1|dist=18|eta=16,pHelmIvP:1027:waypt_survey
34594338047.51376,vname=henry|behavior-name=waypt_survey|index=2|hits=7/7|cycles=1|dist=18|eta=15,pHelmIvP:1028:waypt_survey
34594338047.90948,vname=henry|behavior-name=waypt_survey|index=2|hits=7/7|cycles=1|dist=17|eta=15,pHelmIvP:1030:waypt_survey
34594338048.51062,vname=henry|behavior-name=waypt_survey|index=2|hits=7/7|cycles=1|dist=17|eta=14,pHelmIvP:1033:waypt_survey
34594338048.9137,vname=henry|behavior-name=waypt_survey|index=2|hits=7/7|cycles=1|dist=16|eta=14,pHelmIvP:1035:waypt_survey
34594338049.285324,vname=henry|behavior-name=waypt_survey|index=2|hits=7/7|cycles=1|dist=16|eta=13,pHelmIvP:1037:waypt_survey
34594338049.876144,vname=henry|behavior-name=waypt_survey|index=2|hits=7/7|cycles=1|dist=15|eta=13,pHelmIvP:1040:waypt_survey
34594338050.08503,vname=henry|behavior-name=waypt_survey|index=2|hits=7/7|cycles=1|dist=15|eta=12,pHelmIvP:1041:waypt_survey
34594338050.67136,vname=henry|behavior-name=waypt_survey|index=2|hits=7/7|cycles=1|dist=14|eta=12,pHelmIvP:1044:waypt_survey
34594338050.85386,vname=henry|behavior-name=waypt_survey|index=2|hits=7/7|cycles=1|dist=14|eta=11,pHelmIvP:1045:waypt_survey
34594338051.26954,vname=henry|behavior-name=waypt_survey|index=2|hits=7/7|cycles=1|dist=13|eta=11,pHelmIvP:1047:waypt_survey
34594338051.82283,vname=henry|behavior-name=waypt_survey|index=2|hits=7/7|cycles=1|dist=13|eta=10,pHelmIvP:1050:waypt_survey
34594338052.1793,vname=henry|behavior-name=waypt_survey|index=2|hits=7/7|cycles=1|dist=12|eta=10,pHelmIvP:1052:waypt_survey
34594338052.56934,vname=henry|behavior-name=waypt_survey|index=2|hits=7/7|cycles=1|dist=12|eta=9,pHelmIvP:1054:waypt_survey
34594338052.961876,vname=henry|behavior-name=waypt_survey|index=2|hits=7/7|cycles=1|dist=11|eta=9,pHelmIvP:1056:waypt_survey
34594338053.54908,vname=henry|behavior-name=waypt_survey|index=2|hits=7/7|cycles=1|dist=11|eta=8,pHelmIvP:1059:waypt_survey
34594338053.73468,vname=henry|behavior-name=waypt_survey|index=2|hits=7/7|cycles=1|dist=10|eta=8,pHelmIvP:1060:waypt_survey
34594338054.51646,vname=henry|behavior-name=waypt_survey|index=2|hits=7/7|cycles=1|dist=9|eta=7,pHelmIvP:1064:waypt_survey
34594338055.08802,vname=henry|behavior-name=waypt_survey|index=2|hits=7/7|cycles=1|dist=8|eta=7,pHelmIvP:1067:waypt_survey
34594338055.294754,vname=henry|behavior-name=waypt_survey|index=2|hits=7/7|cycles=1|dist=8|eta=6,pHelmIvP:1068:waypt_survey
34594338056.08728,vname=henry|behavior-name=waypt_survey|index=2|hits=7/7|cycles=1|dist=7|eta=6,pHelmIvP:1072:waypt_survey
34594338056.301865,vname=henry|behavior-name=waypt_survey|index=2|hits=7/7|cycles=1|dist=7|eta=5,pHelmIvP:1073:waypt_survey
34594338056.8787,vname=henry|behavior-name=waypt_survey|index=2|hits=7/7|cycles=1|dist=6|eta=5,pHelmIvP:1076:waypt_survey
34594338057.64687,vname=henry|behavior-name=waypt_survey|index=2|hits=7/7|cycles=1|dist=5|eta=4,pHelmIvP:1080:waypt_survey
34594338058.460075,vname=henry|behavior-name=waypt_survey|index=2|hits=7/7|cycles=1|dist=4|eta=4,pHelmIvP:1084:waypt_survey
34594338058.83716,vname=henry|behavior-name=waypt_survey|index=2|hits=7/7|cycles=1|dist=4|eta=3,pHelmIvP:1086:waypt_survey
34594338059.41672,vname=henry|behavior-name=waypt_survey|index=2|hits=7/7|cycles=1|dist=3|eta=3,pHelmIvP:1089:waypt_survey
34594338059.62378,vname=henry|behavior-name=waypt_survey|index=2|hits=7/7|cycles=1|dist=3|eta=2,pHelmIvP:1090:waypt_survey
34594338060.242836,vname=henry|behavior-name=waypt_survey|index=2|hits=7/7|cycles=1|dist=2|eta=2,pHelmIvP:1093:waypt_survey
34594338060.44416,vname=henry|behavior-name=waypt_survey|index=3|hits=8/8|cycles=1|dist=33|eta=27,pHelmIvP:1094:waypt_survey
34594338061.20654,vname=henry|behavior-name=waypt_survey|index=3|hits=8/8|cycles=1|dist=33|eta=28,pHelmIvP:1098:waypt_survey
34594338061.37632,vname=henry|behavior-name=waypt_survey|index=3|hits=8/8|cycles=1|dist=33|eta=30,pHelmIvP:1099:waypt_survey
34594338061.577774,vname=henry|behavior-name=waypt_survey|index=3|hits=8/8|cycles=1|dist=33|eta=31,pHelmIvP:1100:waypt_survey
34594338061.95322,vname=henry|behavior-name=waypt_survey|index=3|hits=8/8|cycles=1|dist=33|eta=33,pHelmIvP:1102:waypt_survey
34594338062.13862,vname=henry|behavior-name=waypt_survey|index=3|hits=8/8|cycles=1|dist=32|eta=35,pHelmIvP:1103:waypt_survey
34594338062.33748,vname=henry|behavior-name=waypt_survey|index=3|hits=8/8|cycles=1|dist=32|eta=36,pHelmIvP:1104:waypt_survey
34594338062.50573,vname=henry|behavior-name=waypt_survey|index=3|hits=8/8|cycles=1|dist=32|eta=35,pHelmIvP:1105:waypt_survey
34594338062.92212,vname=henry|behavior-name=waypt_survey|index=3|hits=8/8|cycles=1|dist=32|eta=34,pHelmIvP:1107:waypt_survey
34594338063.32628,vname=henry|behavior-name=waypt_survey|index=3|hits=8/8|cycles=1|dist=32|eta=33,pHelmIvP:1109:waypt_survey
34594338063.51226,vname=henry|behavior-name=waypt_survey|index=3|hits=8/8|cycles=1|dist=31|eta=33,pHelmIvP:1110:waypt_survey
34594338063.71692,vname=henry|behavior-name=waypt_survey|index=3|hits=8/8|cycles=1|dist=31|eta=32,pHelmIvP:1111:waypt_survey
34594338064.30884,vname=henry|behavior-name=waypt_survey|index=3|hits=8/8|cycles=1|dist=31|eta=30,pHelmIvP:1114:waypt_survey
34594338064.67164,vname=henry|behavior-name=waypt_survey|index=3|hits=8/8|cycles=1|dist=31|eta=31,pHelmIvP:1116:waypt_survey
34594338064.87743,vname=henry|behavior-name=waypt_survey|index=3|hits=8/8|cycles=1|dist=30|eta=30,pHelmIvP:1117:waypt_survey
34594338065.28365,vname=henry|behavior-name=waypt_survey|index=3|hits=8/8|cycles=1|dist=30|eta=29,pHelmIvP:1119:waypt_survey
34594338065.49048,vname=henry|behavior-name=waypt_survey|index=3|hits=8/8|cycles=1|dist=30|eta=28,pHelmIvP:1120:waypt_survey
34594338065.70039,vname=henry|behavior-name=waypt_survey|index=3|hits=8/8|cycles=1|dist=29|eta=27,pHelmIvP:1121:waypt_survey
34594338066.1122,vname=henry|behavior-name=waypt_survey|index=3|hits=8/8|cycles=1|dist=29|eta=26,pHelmIvP:1123:waypt_survey
34594338066.32,vname=henry|behavior-name=waypt_survey|index=3|hits=8/8|cycles=1|dist=29|eta=25,pHelmIvP:1124:waypt_survey
34594338066.71835,vname=henry|behavior-name=waypt_survey|index=3|hits=8/8|cycles=1|dist=28|eta=25,pHelmIvP:1126:waypt_survey
34594338066.92632,vname=henry|behavior-name=waypt_survey|index=3|hits=8/8|cycles=1|dist=28|eta=24,pHelmIvP:1127:waypt_survey
34594338067.126915,vname=henry|behavior-name=waypt_survey|index=3|hits=8/8|cycles=1|dist=28|eta=23,pHelmIvP:1128:waypt_survey
34594338067.7123,vname=henry|behavior-name=waypt_survey|index=3|hits=8/8|cycles=1|dist=27|eta=23,pHelmIvP:1131:waypt_survey
34594338067.9021,vname=henry|behavior-name=waypt_survey|index=3|hits=8/8|cycles=1|dist=27|eta=22,pHelmIvP:1132:waypt_survey
34594338068.4193,vname=henry|behavior-name=waypt_survey|index=3|hits=8/8|cycles=1|dist=26|eta=21,pHelmIvP:1135:waypt_survey
34594338069.23102,vname=henry|behavior-name=waypt_survey|index=3|hits=8/8|cycles=1|dist=26|eta=20,pHelmIvP:1139:waypt_survey
34594338069.41391,vname=henry|behavior-name=waypt_survey|index=3|hits=8/8|cycles=1|dist=25|eta=20,pHelmIvP:1140:waypt_survey
34594338070.00631,vname=henry|behavior-name=waypt_survey|index=3|hits=8/8|cycles=1|dist=25|eta=19,pHelmIvP:1143:waypt_survey
34594338070.20047,vname=henry|behavior-name=waypt_survey|index=3|hits=8/8|cycles=1|dist=24|eta=19,pHelmIvP:1144:waypt_survey
34594338070.60542,vname=henry|behavior-name=waypt_survey|index=3|hits=8/8|cycles=1|dist=24|eta=18,pHelmIvP:1146:waypt_survey
34594338070.77612,vname=henry|behavior-name=waypt_survey|index=3|hits=8/8|cycles=1|dist=23|eta=18,pHelmIvP:1147:waypt_survey
34594338071.187256,vname=henry|behavior-name=waypt_survey|index=3|hits=8/8|cycles=1|dist=23|eta=17,pHelmIvP:1149:waypt_survey
34594338071.59451,vname=henry|behavior-name=waypt_survey|index=3|hits=8/8|cycles=1|dist=22|eta=17,pHelmIvP:1151:waypt_survey
34594338071.98144,vname=henry|behavior-name=waypt_survey|index=3|hits=8/8|cycles=1|dist=22|eta=16,pHelmIvP:1153:waypt_survey
34594338072.1861,vname=henry|behavior-name=waypt_survey|index=3|hits=8/8|cycles=1|dist=21|eta=16,pHelmIvP:1154:waypt_survey
34594338073.0155,vname=henry|behavior-name=waypt_survey|index=3|hits=8/8|cycles=1|dist=20|eta=15,pHelmIvP:1158:waypt_survey
34594338073.77565,vname=henry|behavior-name=waypt_survey|index=3|hits=8/8|cycles=1|dist=19|eta=15,pHelmIvP:1162:waypt_survey
34594338074.37489,vname=henry|behavior-name=waypt_survey|index=3|hits=8/8|cycles=1|dist=18|eta=14,pHelmIvP:1165:waypt_survey
34594338075.154335,vname=henry|behavior-name=waypt_survey|index=3|hits=8/8|cycles=1|dist=18|eta=13,pHelmIvP:1169:waypt_survey
34594338075.3593,vname=henry|behavior-name=waypt_survey|index=3|hits=8/8|cycles=1|dist=17|eta=13,pHelmIvP:1170:waypt_survey
34594338076.146576,vname=henry|behavior-name=waypt_survey|index=3|hits=8/8|cycles=1|dist=16|eta=13,pHelmIvP:1174:waypt_survey
34594338076.68599,vname=henry|behavior-name=waypt_survey|index=3|hits=8/8|cycles=1|dist=16|eta=12,pHelmIvP:1177:waypt_survey
34594338077.10244,vname=henry|behavior-name=waypt_survey|index=3|hits=8/8|cycles=1|dist=15|eta=12,pHelmIvP:1179:waypt_survey
34594338077.72601,vname=henry|behavior-name=waypt_survey|index=3|hits=8/8|cycles=1|dist=14|eta=12,pHelmIvP:1182:waypt_survey
34594338077.91264,vname=henry|behavior-name=waypt_survey|index=3|hits=8/8|cycles=1|dist=14|eta=11,pHelmIvP:1183:waypt_survey
34594338078.4954,vname=henry|behavior-name=waypt_survey|index=3|hits=8/8|cycles=1|dist=13|eta=11,pHelmIvP:1186:waypt_survey
34594338079.27884,vname=henry|behavior-name=waypt_survey|index=3|hits=8/8|cycles=1|dist=12|eta=10,pHelmIvP:1190:waypt_survey
34594338080.09164,vname=henry|behavior-name=waypt_survey|index=3|hits=8/8|cycles=1|dist=12|eta=9,pHelmIvP:1194:waypt_survey
34594338080.29739,vname=henry|behavior-name=waypt_survey|index=3|hits=8/8|cycles=1|dist=11|eta=9,pHelmIvP:1195:waypt_survey
34594338080.89521,vname=henry|behavior-name=waypt_survey|index=3|hits=8/8|cycles=1|dist=10|eta=8,pHelmIvP:1198:waypt_survey
34594338081.67234,vname=henry|behavior-name=waypt_survey|index=3|hits=8/8|cycles=1|dist=9|eta=8,pHelmIvP:1202:waypt_survey
34594338081.84376,vname=henry|behavior-name=waypt_survey|index=3|hits=8/8|cycles=1|dist=9|eta=7,pHelmIvP:1203:waypt_survey
34594338082.79044,vname=henry|behavior-name=waypt_survey|index=3|hits=8/8|cycles=1|dist=8|eta=7,pHelmIvP:1208:waypt_survey
34594338082.985825,vname=henry|behavior-name=waypt_survey|index=3|hits=8/8|cycles=1|dist=8|eta=6,pHelmIvP:1209:waypt_survey
34594338083.5523,vname=henry|behavior-name=waypt_survey|index=3|hits=8/8|cycles=1|dist=7|eta=6,pHelmIvP:1212:waypt_survey
34594338084.1373,vname=henry|behavior-name=waypt_survey|index=3|hits=8/8|cycles=1|dist=6|eta=5,pHelmIvP:1215:waypt_survey
34594338085.09351,vname=henry|behavior-name=waypt_survey|index=3|hits=8/8|cycles=1|dist=5|eta=4,pHelmIvP:1220:waypt_survey
34594338085.90815,vname=henry|behavior-name=waypt_survey|index=3|hits=8/8|cycles=1|dist=4|eta=4,pHelmIvP:1224:waypt_survey
34594338086.09568,vname=henry|behavior-name=waypt_survey|index=3|hits=8/8|cycles=1|dist=4|eta=3,pHelmIvP:1225:waypt_survey
34594338086.65812,vname=henry|behavior-name=waypt_survey|index=3|hits=8/8|cycles=1|dist=3|eta=3,pHelmIvP:1228:waypt_survey
34594338087.07013,vname=henry|behavior-name=waypt_survey|index=3|hits=8/8|cycles=1|dist=3|eta=2,pHelmIvP:1230:waypt_survey
34594338087.68734,vname=henry|behavior-name=waypt_survey|index=3|hits=8/8|cycles=1|dist=2|eta=2,pHelmIvP:1233:waypt_survey
34594338087.8774,vname=henry|behavior-name=waypt_survey|index=4|hits=9/9|cycles=1|dist=39|eta=32,pHelmIvP:1234:waypt_survey
34594338088.45852,vname=henry|behavior-name=waypt_survey|index=4|hits=9/9|cycles=1|dist=39|eta=33,pHelmIvP:1237:waypt_survey
34594338088.65684,vname=henry|behavior-name=waypt_survey|index=4|hits=9/9|cycles=1|dist=39|eta=35,pHelmIvP:1238:waypt_survey
34594338088.83828,vname=henry|behavior-name=waypt_survey|index=4|hits=9/9|cycles=1|dist=39|eta=36,pHelmIvP:1239:waypt_survey
34594338089.04171,vname=henry|behavior-name=waypt_survey|index=4|hits=9/9|cycles=1|dist=39|eta=39,pHelmIvP:1240:waypt_survey
34594338089.44387,vname=henry|behavior-name=waypt_survey|index=4|hits=9/9|cycles=1|dist=38|eta=44,pHelmIvP:1242:waypt_survey
34594338089.81248,vname=henry|behavior-name=waypt_survey|index=4|hits=9/9|cycles=1|dist=38|eta=45,pHelmIvP:1244:waypt_survey
34594338090.58297,vname=henry|behavior-name=waypt_survey|index=4|hits=9/9|cycles=1|dist=38|eta=43,pHelmIvP:1248:waypt_survey
34594338090.91732,vname=henry|behavior-name=waypt_survey|index=4|hits=9/9|cycles=1|dist=38|eta=42,pHelmIvP:1250:waypt_survey
34594338091.099785,vname=henry|behavior-name=waypt_survey|index=4|hits=9/9|cycles=1|dist=37|eta=42,pHelmIvP:1251:waypt_survey
34594338091.30906,vname=henry|behavior-name=waypt_survey|index=4|hits=9/9|cycles=1|dist=37|eta=40,pHelmIvP:1252:waypt_survey
34594338091.51014,vname=henry|behavior-name=waypt_survey|index=4|hits=9/9|cycles=1|dist=37|eta=39,pHelmIvP:1253:waypt_survey
34594338091.8578,vname=henry|behavior-name=waypt_survey|index=4|hits=9/9|cycles=1|dist=37|eta=38,pHelmIvP:1255:waypt_survey
34594338092.06576,vname=henry|behavior-name=waypt_survey|index=4|hits=9/9|cycles=1|dist=37|eta=37,pHelmIvP:1256:waypt_survey
34594338092.27124,vname=henry|behavior-name=waypt_survey|index=4|hits=9/9|cycles=1|dist=36|eta=37,pHelmIvP:1257:waypt_survey
34594338092.90379,vname=henry|behavior-name=waypt_survey|index=4|hits=9/9|cycles=1|dist=36|eta=36,pHelmIvP:1260:waypt_survey
34594338093.10202,vname=henry|behavior-name=waypt_survey|index=4|hits=9/9|cycles=1|dist=36|eta=35,pHelmIvP:1261:waypt_survey
34594338093.29274,vname=henry|behavior-name=waypt_survey|index=4|hits=9/9|cycles=1|dist=35|eta=33,pHelmIvP:1262:waypt_survey
34594338093.70784,vname=henry|behavior-name=waypt_survey|index=4|hits=9/9|cycles=1|dist=35|eta=32,pHelmIvP:1264:waypt_survey
34594338094.121765,vname=henry|behavior-name=waypt_survey|index=4|hits=9/9|cycles=1|dist=35|eta=31,pHelmIvP:1266:waypt_survey
34594338094.51978,vname=henry|behavior-name=waypt_survey|index=4|hits=9/9|cycles=1|dist=34|eta=30,pHelmIvP:1268:waypt_survey
34594338094.87439,vname=henry|behavior-name=waypt_survey|index=4|hits=9/9|cycles=1|dist=34|eta=29,pHelmIvP:1270:waypt_survey
34594338095.080765,vname=henry|behavior-name=waypt_survey|index=4|hits=9/9|cycles=1|dist=33|eta=28,pHelmIvP:1271:waypt_survey
34594338095.259636,vname=henry|behavior-name=waypt_survey|index=4|hits=9/9|cycles=1|dist=33|eta=27,pHelmIvP:1272:waypt_survey
34594338096.02878,vname=henry|behavior-name=waypt_survey|index=4|hits=9/9|cycles=1|dist=32|eta=26,pHelmIvP:1276:waypt_survey
34594338096.41779,vname=henry|behavior-name=waypt_survey|index=4|hits=9/9|cycles=1|dist=32|eta=25,pHelmIvP:1278:waypt_survey
34594338096.997116,vname=henry|behavior-name=waypt_survey|index=4|hits=9/9|cycles=1|dist=31|eta=24,pHelmIvP:1281:waypt_survey
34594338097.58207,vname=henry|behavior-name=waypt_survey|index=4|hits=9/9|cycles=1|dist=30|eta=23,pHelmIvP:1284:waypt_survey
34594338098.36532,vname=henry|behavior-name=waypt_survey|index=4|hits=9/9|cycles=1|dist=29|eta=22,pHelmIvP:1288:waypt_survey
34594338098.982155,vname=henry|behavior-name=waypt_survey|index=4|hits=9/9|cycles=1|dist=29|eta=21,pHelmIvP:1291:waypt_survey
34594338099.38707,vname=henry|behavior-name=waypt_survey|index=4|hits=9/9|cycles=1|dist=28|eta=21,pHelmIvP:1293:waypt_survey
34594338099.98901,vname=henry|behavior-name=waypt_survey|index=4|hits=9/9|cycles=1|dist=27|eta=20,pHelmIvP:1296:waypt_survey
34594338100.79863,vname=henry|behavior-name=waypt_survey|index=4|hits=9/9|cycles=1|dist=26|eta=19,pHelmIvP:1300:waypt_survey
34594338101.57506,vname=henry|behavior-name=waypt_survey|index=4|hits=9/9|cycles=1|dist=25|eta=19,pHelmIvP:1304:waypt_survey
34594338101.99004,vname=henry|behavior-name=waypt_survey|index=4|hits=9/9|cycles=1|dist=25|eta=18,pHelmIvP:1306:waypt_survey
34594338102.38022,vname=henry|behavior-name=waypt_survey|index=4|hits=9/9|cycles=1|dist=24|eta=18,pHelmIvP:1308:waypt_survey
34594338102.96712,vname=henry|behavior-name=waypt_survey|index=4|hits=9/9|cycles=1|dist=23|eta=18,pHelmIvP:1311:waypt_survey
34594338103.52845,vname=henry|behavior-name=waypt_survey|index=4|hits=9/9|cycles=1|dist=23|eta=17,pHelmIvP:1314:waypt_survey
34594338103.73614,vname=henry|behavior-name=waypt_survey|index=4|hits=9/9|cycles=1|dist=22|eta=17,pHelmIvP:1315:waypt_survey
34594338104.33414,vname=henry|behavior-name=waypt_survey|index=4|hits=9/9|cycles=1|dist=21|eta=17,pHelmIvP:1318:waypt_survey
34594338104.91942,vname=henry|behavior-name=waypt_survey|index=4|hits=9/9|cycles=1|dist=21|eta=16,pHelmIvP:1321:waypt_survey
34594338105.306656,vname=henry|behavior-name=waypt_survey|index=4|hits=9/9|cycles=1|dist=20|eta=16,pHelmIvP:1323:waypt_survey
34594338106.06931,vname=henry|behavior-name=waypt_survey|index=4|hits=9/9|cycles=1|dist=19|eta=16,pHelmIvP:1327:waypt_survey
34594338106.66086,vname=henry|behavior-name=waypt_survey|index=4|hits=9/9|cycles=1|dist=19|eta=15,pHelmIvP:1330:waypt_survey
34594338106.85051,vname=henry|behavior-name=waypt_survey|index=4|hits=9/9|cycles=1|dist=18|eta=15,pHelmIvP:1331:waypt_survey
34594338107.640396,vname=henry|behavior-name=waypt_survey|index=4|hits=9/9|cycles=1|dist=18|eta=14,pHelmIvP:1335:waypt_survey
34594338107.8378,vname=henry|behavior-name=waypt_survey|index=4|hits=9/9|cycles=1|dist=17|eta=14,pHelmIvP:1336:waypt_survey
34594338108.37133,vname=henry|behavior-name=waypt_survey|index=4|hits=9/9|cycles=1|dist=17|eta=13,pHelmIvP:1339:waypt_survey
34594338108.5438,vname=henry|behavior-name=waypt_survey|index=4|hits=9/9|cycles=1|dist=16|eta=13,pHelmIvP:1340:waypt_survey
34594338109.2933,vname=henry|behavior-name=waypt_survey|index=4|hits=9/9|cycles=1|dist=15|eta=13,pHelmIvP:1344:waypt_survey
34594338109.49876,vname=henry|behavior-name=waypt_survey|index=4|hits=9/9|cycles=1|dist=15|eta=12,pHelmIvP:1345:waypt_survey
34594338110.26978,vname=henry|behavior-name=waypt_survey|index=4|hits=9/9|cycles=1|dist=14|eta=12,pHelmIvP:1349:waypt_survey
34594338110.475555,vname=henry|behavior-name=waypt_survey|index=4|hits=9/9|cycles=1|dist=14|eta=11,pHelmIvP:1350:waypt_survey
34594338111.03306,vname=henry|behavior-name=waypt_survey|index=4|hits=9/9|cycles=1|dist=13|eta=11,pHelmIvP:1353:waypt_survey
34594338111.43464,vname=henry|behavior-name=waypt_survey|index=4|hits=9/9|cycles=1|dist=13|eta=10,pHelmIvP:1355:waypt_survey
34594338111.8108,vname=henry|behavior-name=waypt_survey|index=4|hits=9/9|cycles=1|dist=12|eta=10,pHelmIvP:1357:waypt_survey
34594338112.756714,vname=henry|behavior-name=waypt_survey|index=4|hits=9/9|cycles=1|dist=11|eta=9,pHelmIvP:1362:waypt_survey
34594338113.59409,vname=henry|behavior-name=waypt_survey|index=4|hits=9/9|cycles=1|dist=10|eta=9,pHelmIvP:1366:waypt_survey
34594338113.81026,vname=henry|behavior-name=waypt_survey|index=4|hits=9/9|cycles=1|dist=10|eta=8,pHelmIvP:1367:waypt_survey
34594338114.392334,vname=henry|behavior-name=waypt_survey|index=4|hits=9/9|cycles=1|dist=9|eta=8,pHelmIvP:1370:waypt_survey
34594338114.60276,vname=henry|behavior-name=waypt_survey|index=4|hits=9/9|cycles=1|dist=9|eta=7,pHelmIvP:1371:waypt_survey
34594338115.160614,vname=henry|behavior-name=waypt_survey|index=4|hits=9/9|cycles=1|dist=8|eta=7,pHelmIvP:1374:waypt_survey
34594338115.52879,vname=henry|behavior-name=waypt_survey|index=4|hits=9/9|cycles=1|dist=8|eta=6,pHelmIvP:1376:waypt_survey
34594338115.73489,vname=henry|behavior-name=waypt_survey|index=4|hits=9/9|cycles=1|dist=7|eta=6,pHelmIvP:1377:waypt_survey
34594338116.510704,vname=henry|behavior-name=waypt_survey|index=4|hits=9/9|cycles=1|dist=7|eta=5,pHelmIvP:1381:waypt_survey
34594338116.7157,vname=henry|behavior-name=waypt_survey|index=4|hits=9/9|cycles=1|dist=6|eta=5,pHelmIvP:1382:waypt_survey
34594338117.77079,vname=henry|behavior-name=waypt_survey|index=4|hits=9/9|cycles=1|dist=5|eta=4,pHelmIvP:1387:waypt_survey
34594338118.54427,vname=henry|behavior-name=waypt_survey|index=4|hits=9/9|cycles=1|dist=4|eta=4,pHelmIvP:1391:waypt_survey
34594338118.732834,vname=henry|behavior-name=waypt_survey|index=4|hits=9/9|cycles=1|dist=4|eta=3,pHelmIvP:1392:waypt_survey
34594338119.129654,vname=henry|behavior-name=waypt_survey|index=4|hits=9/9|cycles=1|dist=3|eta=3,pHelmIvP:1394:waypt_survey
34594338119.55309,vname=henry|behavior-name=waypt_survey|index=4|hits=9/9|cycles=1|dist=3|eta=2,pHelmIvP:1396:waypt_survey
34594338120.23042,vname=henry|behavior-name=waypt_survey|index=4|hits=9/9|cycles=1|dist=2|eta=2,pHelmIvP:1399:waypt_survey
34594338120.64622,behavior-name=waypt_survey|cycled,pHelmIvP:1401:waypt_survey
34594338120.6464,vname=henry|behavior-name=waypt_survey|index=0|hits=10/10|cycles=2|dist=37|eta=31,pHelmIvP:1401:waypt_survey
34594338121.2298,vname=henry|behavior-name=waypt_survey|index=0|hits=10/10|cycles=2|dist=37|eta=32,pHelmIvP:1404:waypt_survey
34594338121.43491,vname=henry|behavior-name=waypt_survey|index=0|hits=10/10|cycles=2|dist=37|eta=33,pHelmIvP:1405:waypt_survey
34594338121.82464,vname=henry|behavior-name=waypt_survey|index=0|hits=10/10|cycles=2|dist=37|eta=35,pHelmIvP:1407:waypt_survey
34594338122.03264,vname=henry|behavior-name=waypt_survey|index=0|hits=10/10|cycles=2|dist=37|eta=38,pHelmIvP:1408:waypt_survey
34594338122.238174,vname=henry|behavior-name=waypt_survey|index=0|hits=10/10|cycles=2|dist=37|eta=40,pHelmIvP:1409:waypt_survey
34594338122.44176,vname=henry|behavior-name=waypt_survey|index=0|hits=10/10|cycles=2|dist=37|eta=43,pHelmIvP:1410:waypt_survey
34594338122.64959,vname=henry|behavior-name=waypt_survey|index=0|hits=10/10|cycles=2|dist=37|eta=46,pHelmIvP:1411:waypt_survey
34594338122.85566,vname=henry|behavior-name=waypt_survey|index=0|hits=10/10|cycles=2|dist=37|eta=49,pHelmIvP:1412:waypt_survey
34594338123.5919,vname=henry|behavior-name=waypt_survey|index=0|hits=10/10|cycles=2|dist=36|eta=51,pHelmIvP:1416:waypt_survey
34594338123.79986,vname=henry|behavior-name=waypt_survey|index=0|hits=10/10|cycles=2|dist=36|eta=50,pHelmIvP:1417:waypt_survey
34594338124.59382,vname=henry|behavior-name=waypt_survey|index=0|hits=10/10|cycles=2|dist=36|eta=48,pHelmIvP:1421:waypt_survey
34594338124.98292,vname=henry|behavior-name=waypt_survey|index=0|hits=10/10|cycles=2|dist=36|eta=47,pHelmIvP:1423:waypt_survey
34594338125.180176,vname=henry|behavior-name=waypt_survey|index=0|hits=10/10|cycles=2|dist=36|eta=45,pHelmIvP:1424:waypt_survey
34594338125.37355,vname=henry|behavior-name=waypt_survey|index=0|hits=10/10|cycles=2|dist=36|eta=43,pHelmIvP:1425:waypt_survey
34594338125.74371,vname=henry|behavior-name=waypt_survey|index=0|hits=10/10|cycles=2|dist=35|eta=42,pHelmIvP:1427:waypt_survey
34594338125.93459,vname=henry|behavior-name=waypt_survey|index=0|hits=10/10|cycles=2|dist=35|eta=40,pHelmIvP:1428:waypt_survey
34594338126.3107,vname=henry|behavior-name=waypt_survey|index=0|hits=10/10|cycles=2|dist=35|eta=39,pHelmIvP:1430:waypt_survey
34594338126.51374,vname=henry|behavior-name=waypt_survey|index=0|hits=10/10|cycles=2|dist=35|eta=38,pHelmIvP:1431:waypt_survey
34594338126.68226,vname=henry|behavior-name=waypt_survey|index=0|hits=10/10|cycles=2|dist=35|eta=37,pHelmIvP:1432:waypt_survey
34594338126.85756,vname=henry|behavior-name=waypt_survey|index=0|hits=10/10|cycles=2|dist=34|eta=36,pHelmIvP:1433:waypt_survey
34594338127.06284,vname=henry|behavior-name=waypt_survey|index=0|hits=10/10|cycles=2|dist=34|eta=35,pHelmIvP:1434:waypt_survey
34594338127.47379,vname=henry|behavior-name=waypt_survey|index=0|hits=10/10|cycles=2|dist=34|eta=34,pHelmIvP:1436:waypt_survey
34594338127.67898,vname=henry|behavior-name=waypt_survey|index=0|hits=10/10|cycles=2|dist=34|eta=33,pHelmIvP:1437:waypt_survey
34594338127.8793,vname=henry|behavior-name=waypt_survey|index=0|hits=10/10|cycles=2|dist=34|eta=32,pHelmIvP:1438:waypt_survey
34594338128.0841,vname=henry|behavior-name=waypt_survey|index=0|hits=10/10|cycles=2|dist=33|eta=31,pHelmIvP:1439:waypt_survey
34594338128.49276,vname=henry|behavior-name=waypt_survey|index=0|hits=10/10|cycles=2|dist=33|eta=30,pHelmIvP:1441:waypt_survey
34594338128.699814,vname=henry|behavior-name=waypt_survey|index=0|hits=10/10|cycles=2|dist=33|eta=28,pHelmIvP:1442:waypt_survey
34594338128.91006,vname=henry|behavior-name=waypt_survey|index=0|hits=10/10|cycles=2|dist=32|eta=27,pHelmIvP:1443:waypt_survey
34594338129.51912,vname=henry|behavior-name=waypt_survey|index=0|hits=10/10|cycles=2|dist=32|eta=26,pHelmIvP:1446:waypt_survey
34594338129.71949,vname=henry|behavior-name=waypt_survey|index=0|hits=10/10|cycles=2|dist=31|eta=25,pHelmIvP:1447:waypt_survey
34594338129.9021,vname=henry|behavior-name=waypt_survey|index=0|hits=10/10|cycles=2|dist=31|eta=24,pHelmIvP:1448:waypt_survey
34594338130.48118,vname=henry|behavior-name=waypt_survey|index=0|hits=10/10|cycles=2|dist=30|eta=23,pHelmIvP:1451:waypt_survey
34594338130.86014,vname=henry|behavior-name=waypt_survey|index=0|hits=10/10|cycles=2|dist=30|eta=22,pHelmIvP:1453:waypt_survey
34594338131.06802,vname=henry|behavior-name=waypt_survey|index=0|hits=10/10|cycles=2|dist=29|eta=21,pHelmIvP:1454:waypt_survey
34594338131.66526,vname=henry|behavior-name=waypt_survey|index=0|hits=10/10|cycles=2|dist=29|eta=20,pHelmIvP:1457:waypt_survey
34594338131.86236,vname=henry|behavior-name=waypt_survey|index=0|hits=10/10|cycles=2|dist=28|eta=20,pHelmIvP:1458:waypt_survey
34594338132.03692,vname=henry|behavior-name=waypt_survey|index=0|hits=10/10|cycles=2|dist=28|eta=19,pHelmIvP:1459:waypt_survey
34594338132.79221,vname=henry|behavior-name=waypt_survey|index=0|hits=10/10|cycles=2|dist=27|eta=19,pHelmIvP:1463:waypt_survey
34594338133.16106,vname=henry|behavior-name=waypt_survey|index=0|hits=10/10|cycles=2|dist=27|eta=18,pHelmIvP:1465:waypt_survey
34594338133.516556,vname=henry|behavior-name=waypt_survey|index=0|hits=10/10|cycles=2|dist=26|eta=18,pHelmIvP:1467:waypt_survey
34594338134.1036,vname=henry|behavior-name=waypt_survey|index=0|hits=10/10|cycles=2|dist=25|eta=17,pHelmIvP:1470:waypt_survey
34594338134.89378,vname=henry|behavior-name=waypt_survey|index=0|hits=10/10|cycles=2|dist=24|eta=17,pHelmIvP:1474:waypt_survey
